status,month,credit_history,purpose,credit_amount,savings,employment,investment_as_income_percentage,Gender,other_debtors,residence_since,property,age,installment_plans,housing,number_of_credits,skill_level,people_liable_for,telephone,foreign_worker,target
1,6,34,43,1169,0,5,4,1,101,4,121,67,143,152,2,173,1,2,1,1
2,48,32,43,5951,1,3,2,0,101,2,121,22,143,152,1,173,1,1,1,2
0,12,34,46,2096,1,4,2,1,101,3,121,49,143,152,1,172,2,1,1,1
1,42,32,42,7882,1,4,2,1,103,4,122,45,143,153,1,173,2,1,1,1
1,24,33,40,4870,1,3,3,1,101,4,124,53,143,153,2,173,2,1,1,2
0,36,32,46,9055,0,3,2,1,101,4,124,35,143,153,1,172,2,2,1,1
0,24,32,42,2835,3,5,3,1,101,4,122,53,143,152,1,173,1,1,1,1
2,36,32,41,6948,1,3,2,1,101,2,123,35,143,151,1,174,1,2,1,1
0,12,32,43,3059,4,4,2,1,101,4,121,61,143,152,1,172,1,1,1,1
2,30,34,40,5234,1,1,4,1,101,2,123,28,143,152,2,174,1,1,1,2
2,12,32,40,1295,1,2,3,0,101,1,123,25,143,151,1,173,1,1,1,2
1,48,32,49,4308,1,2,3,0,101,4,122,24,143,151,1,173,1,1,1,2
2,12,32,43,1567,1,3,1,0,101,1,123,22,143,152,1,173,1,2,1,1
1,24,34,40,1199,1,5,4,1,101,4,123,60,143,152,2,172,1,1,1,2
1,15,32,40,1403,1,3,2,0,101,4,123,28,143,151,1,173,1,1,1,1
1,24,32,43,1282,2,3,4,0,101,2,123,32,143,152,1,172,1,1,1,2
0,24,34,43,2424,0,5,4,1,101,4,122,53,143,152,2,173,1,1,1,1
1,30,30,49,8072,0,2,2,1,101,3,123,25,141,152,3,173,1,1,1,1
2,24,32,41,12579,1,5,4,0,101,2,124,44,143,153,1,174,1,2,1,2
0,24,32,43,3430,3,5,3,1,101,2,123,31,143,152,1,173,2,2,1,1
0,9,34,40,2134,1,3,4,1,101,4,123,48,143,152,3,173,1,2,1,1
1,6,32,43,2647,3,3,2,1,101,3,121,44,143,151,1,173,2,1,1,1
1,10,34,40,2241,1,2,1,1,101,3,121,48,143,151,2,172,2,1,2,1
2,12,34,41,1804,2,2,3,1,101,4,122,44,143,152,1,173,1,1,1,1
0,10,34,42,2069,0,3,2,1,101,1,123,26,143,152,2,173,1,1,2,1
1,6,32,42,1374,1,3,1,1,101,2,121,36,141,152,1,172,1,2,1,1
0,6,30,43,426,1,5,4,1,101,4,123,39,143,152,1,172,1,1,1,1
3,12,31,43,409,4,3,3,0,101,3,121,42,143,151,2,173,1,1,1,1
2,7,32,43,2415,1,3,3,1,103,2,121,34,143,152,1,173,1,1,1,1
1,60,33,49,6836,1,5,3,1,101,4,124,63,143,152,2,173,1,2,1,2
2,18,32,49,1913,4,2,3,1,101,3,121,36,141,152,1,173,1,2,1,1
1,24,32,42,4020,1,3,2,1,101,2,123,27,142,152,1,173,1,1,1,1
2,18,32,40,5866,2,3,2,1,101,2,123,30,143,152,2,173,1,2,1,1
0,12,34,49,1264,0,5,4,1,101,4,124,57,143,151,1,172,1,1,1,1
3,12,32,42,1474,1,2,4,0,101,1,122,33,141,152,1,174,1,2,1,1
2,45,34,43,4746,1,2,4,1,101,2,122,25,143,152,2,172,1,1,1,2
0,48,34,46,6110,1,3,1,1,101,3,124,31,141,153,1,173,1,2,1,1
3,18,32,43,2100,1,3,4,1,102,2,121,37,142,152,1,173,1,1,1,2
3,10,32,44,1225,1,3,2,1,101,2,123,37,143,152,1,173,1,2,1,1
2,9,32,43,458,1,3,4,1,101,3,121,24,143,152,1,173,1,1,1,1
0,30,32,43,2333,3,5,4,1,101,2,123,30,141,152,1,174,1,1,1,1
2,12,32,43,1158,3,3,3,1,101,1,123,26,143,152,1,173,1,2,1,1
2,18,33,45,6204,1,3,2,1,101,4,121,44,143,152,1,172,2,2,1,1
1,30,34,41,6187,2,4,1,1,101,4,123,24,143,151,2,173,1,1,1,1
1,48,34,41,6143,1,5,4,0,101,4,124,58,142,153,2,172,1,1,1,2
0,11,34,40,1393,1,2,4,0,101,4,123,35,143,152,2,174,1,1,1,1
0,36,32,43,2299,3,5,4,1,101,4,123,39,143,152,1,173,1,1,1,1
1,6,32,41,1352,3,1,1,0,101,2,122,23,143,151,1,171,1,2,1,1
0,11,34,40,7228,1,3,1,1,101,4,122,39,143,152,2,172,1,1,1,1
0,12,32,43,2073,2,3,4,0,102,2,121,28,143,152,1,173,1,1,1,1
2,24,33,42,2333,0,2,4,1,101,2,122,29,141,152,1,172,1,1,1,1
2,27,33,41,5965,1,5,1,1,101,2,123,30,143,152,2,174,1,2,1,1
0,12,32,43,1262,1,3,3,1,101,2,123,25,143,152,1,173,1,1,1,1
0,18,32,41,3378,0,3,2,1,101,1,122,31,143,152,1,173,1,2,1,1
2,36,33,40,2225,1,5,4,1,101,4,124,57,141,153,2,173,1,2,1,2
0,6,31,40,783,0,3,1,1,103,2,121,26,142,152,1,172,2,1,1,1
2,12,32,43,6468,0,1,2,1,101,1,124,52,143,152,1,174,1,2,1,2
0,36,34,43,9566,1,3,2,0,101,2,123,31,142,152,2,173,1,1,1,1
3,18,32,40,1961,1,5,3,0,101,2,123,23,143,152,1,174,1,1,1,1
1,36,34,42,6229,1,2,4,0,102,4,124,23,143,151,2,172,1,2,1,2
2,9,32,49,1391,1,3,2,1,101,1,121,27,141,152,1,173,1,2,1,1
2,15,34,43,1537,0,5,4,1,103,4,121,50,143,152,2,173,1,2,1,1
2,36,30,49,1953,1,5,4,1,101,4,124,61,143,153,1,174,1,2,1,2
2,48,30,49,14421,1,3,2,1,101,2,123,25,143,152,1,173,1,2,1,2
0,24,32,43,3181,1,2,4,0,101,4,122,26,143,152,1,173,1,2,1,1
0,27,32,45,5190,0,5,4,1,101,4,122,48,143,152,4,173,2,2,1,1
0,12,32,43,2171,1,2,2,0,101,2,123,29,141,152,1,173,1,1,1,1
2,12,32,40,1007,4,3,4,1,101,1,121,22,143,152,1,173,1,1,1,1
0,36,32,46,1819,1,3,4,1,101,4,124,37,142,153,1,173,1,2,1,2
0,36,32,43,2394,0,3,4,0,101,4,123,25,143,152,1,173,1,1,1,1
0,36,32,41,8133,1,3,1,0,101,2,122,30,141,152,1,173,1,1,1,1
0,7,34,43,730,0,5,4,1,101,2,122,46,143,151,2,172,1,2,1,1
1,8,34,410,1164,1,5,3,1,101,4,124,51,141,153,2,174,2,2,1,1
2,42,34,49,5954,1,4,2,0,101,1,121,41,141,152,2,172,1,1,1,1
1,36,32,46,1977,0,5,4,1,101,4,124,40,143,152,1,174,1,2,1,2
1,12,34,41,1526,1,5,4,1,101,4,124,66,143,153,2,174,1,1,1,1
1,42,32,43,3965,1,2,4,1,101,3,123,34,143,152,1,173,1,1,1,2
2,11,33,43,4771,1,4,2,1,101,4,122,51,143,152,1,173,1,1,1,1
0,54,30,41,9436,0,3,2,1,101,2,122,39,143,152,1,172,2,1,1,1
2,30,32,42,3832,1,2,2,1,101,1,122,22,143,152,1,173,1,1,1,1
0,24,32,43,5943,0,2,1,0,101,1,123,44,143,152,2,173,1,2,1,2
0,15,32,43,1213,3,5,4,1,101,3,122,47,142,152,1,173,1,2,1,1
0,18,32,49,1568,2,3,3,0,101,4,122,24,143,151,1,172,1,1,1,1
1,24,32,410,1755,1,5,4,0,103,4,121,58,143,152,1,172,1,2,1,1
1,10,32,43,2315,1,5,3,1,101,4,121,52,143,152,1,172,1,1,1,1
0,12,34,49,1412,1,3,4,0,103,2,121,29,143,152,2,174,1,2,1,1
2,18,34,42,1295,1,2,4,0,101,1,122,27,143,152,2,173,1,1,1,1
2,36,32,46,12612,2,3,1,1,101,4,124,47,143,153,1,173,2,2,1,2
1,18,32,40,2249,2,4,4,1,101,3,123,30,143,152,1,174,2,2,1,1
1,12,30,45,1108,1,4,4,1,101,3,121,28,143,152,2,173,1,1,1,2
0,12,34,43,618,1,5,4,1,101,4,121,56,143,152,1,173,1,1,1,1
1,12,34,41,1409,1,5,4,1,101,3,121,54,143,152,1,173,1,1,1,1
0,12,34,43,797,0,5,4,0,101,3,122,33,141,152,1,172,2,1,1,2
3,24,34,42,3617,0,5,4,1,102,4,124,20,143,151,2,173,1,1,1,1
2,12,32,40,1318,4,5,4,1,101,4,121,54,143,152,1,173,1,2,1,1
2,54,30,49,15945,1,2,3,1,101,4,124,58,143,151,1,173,1,2,1,2
0,12,34,46,2012,0,4,4,0,101,2,123,61,143,152,1,173,1,1,1,1
2,18,32,49,2622,2,3,4,1,101,4,123,34,143,152,1,173,1,1,1,1
2,36,34,43,2337,1,5,4,1,101,4,121,36,143,152,1,173,1,1,1,1
2,20,33,41,7057,0,4,3,1,101,4,122,36,141,151,2,174,2,2,1,1
0,24,32,40,1469,2,5,4,1,101,4,121,41,143,151,1,172,1,1,1,1
2,36,32,43,2323,1,4,4,1,101,4,123,24,143,151,1,173,1,1,1,1
0,6,33,43,932,1,3,3,0,101,2,121,24,143,152,1,173,1,1,1,1
2,9,34,42,1919,1,4,4,1,101,3,123,35,143,151,1,173,1,2,1,1
0,12,32,41,2445,0,2,2,1,101,4,123,26,143,151,1,173,1,2,1,1
2,24,34,410,11938,1,3,2,1,102,3,123,39,143,152,2,174,2,2,1,2
0,18,31,40,6458,1,5,2,1,101,4,124,39,141,152,2,174,2,2,1,2
2,12,32,40,6078,1,4,2,1,101,2,123,32,143,152,1,173,1,1,1,1
1,24,32,42,7721,0,2,1,0,101,2,122,30,143,152,1,173,1,2,2,1
2,14,32,49,1410,3,5,1,1,101,2,121,35,143,152,1,173,1,2,1,1
2,6,33,49,1449,2,5,1,1,101,2,123,31,141,152,2,173,2,1,1,1
3,15,32,46,392,1,2,4,0,101,4,122,23,143,151,1,173,1,2,1,1
2,18,32,40,6260,1,4,3,1,101,3,121,28,143,151,1,172,1,1,1,1
0,36,34,40,7855,1,3,4,0,101,2,121,25,142,152,2,173,1,2,1,2
1,12,32,43,1680,3,5,3,1,101,1,121,35,143,152,1,173,1,1,1,1
0,48,34,43,3578,0,5,4,1,101,1,121,47,143,152,1,173,1,2,1,1
1,42,32,43,7174,0,4,4,0,101,3,123,30,143,152,1,174,1,2,1,2
1,10,34,42,2132,0,2,2,0,102,3,121,27,143,151,2,173,1,1,2,1
1,33,34,42,4281,3,3,1,0,101,4,123,23,143,152,2,173,1,1,1,2
2,12,34,40,2366,3,4,3,1,101,3,123,36,143,152,1,174,1,2,1,1
1,21,32,43,1835,1,3,3,0,101,2,121,25,143,152,2,173,1,2,1,2
0,24,34,41,3868,1,5,4,0,101,2,123,41,143,151,2,174,1,2,1,1
0,12,32,42,1768,1,3,3,1,101,2,121,24,143,151,1,172,1,1,1,1
3,10,34,40,781,1,5,4,1,101,4,124,63,143,153,2,173,1,2,1,1
2,18,32,42,1924,0,2,4,0,101,3,121,27,143,151,1,173,1,1,1,2
1,12,34,40,2121,1,3,4,1,101,2,122,30,143,152,2,173,1,1,1,1
1,12,32,43,701,1,3,4,1,101,2,121,40,143,152,1,172,1,1,1,1
2,12,32,45,639,1,3,4,1,101,2,123,30,143,152,1,173,1,1,1,2
2,12,34,41,1860,1,1,4,1,101,2,123,34,143,152,2,174,1,2,1,1
1,12,34,40,3499,1,3,3,0,102,2,121,29,143,152,2,173,1,1,1,2
2,48,32,40,8487,0,4,1,0,101,2,123,24,143,152,1,173,1,1,1,1
1,36,33,46,6887,1,3,4,1,101,3,122,29,142,152,1,173,1,2,1,2
0,15,32,42,2708,1,2,2,1,101,3,122,27,141,152,2,172,1,1,1,1
0,18,32,42,1984,1,3,4,1,101,4,124,47,141,153,2,173,1,1,1,1
0,60,32,43,10144,2,4,2,0,101,4,121,21,143,152,1,173,1,2,1,1
0,12,34,43,1240,0,5,4,0,101,2,121,38,143,152,2,173,1,2,1,1
0,27,33,41,8613,4,3,2,1,101,2,123,27,143,152,2,173,1,1,1,1
2,12,32,43,766,3,3,4,1,101,3,121,66,143,152,1,172,1,1,1,2
2,15,34,43,2728,0,4,4,1,103,2,121,35,141,152,3,173,1,2,1,1
3,12,32,43,1881,1,3,2,0,101,2,123,44,143,151,1,172,1,2,1,1
3,6,32,40,709,4,2,2,1,101,2,121,27,143,152,1,171,1,1,2,1
2,36,32,43,4795,1,2,4,0,101,1,124,30,143,152,1,174,1,2,1,1
1,27,32,43,3416,1,3,3,1,101,2,123,27,143,152,1,174,1,1,1,1
1,18,32,42,2462,1,3,2,1,101,2,123,22,143,152,1,173,1,1,1,2
0,21,34,42,2288,1,2,4,0,101,4,122,23,143,152,1,173,1,2,1,1
2,48,31,49,3566,2,4,4,1,101,2,123,30,143,152,1,173,1,1,1,1
1,6,34,40,860,1,5,1,0,101,4,124,39,143,152,2,173,1,2,1,1
0,12,34,40,682,2,4,4,0,101,3,123,51,143,152,2,173,1,2,1,1
1,36,34,42,5371,1,3,3,1,103,2,122,28,143,152,2,173,1,1,1,1
0,18,34,43,1582,4,5,4,1,101,4,123,46,143,152,2,173,1,1,1,1
0,6,32,43,1346,2,5,2,1,101,4,124,42,141,153,1,173,2,2,1,1
0,10,32,43,1924,1,3,1,1,101,4,122,38,143,152,1,173,1,2,2,1
3,36,32,43,5848,1,3,4,1,101,1,123,24,143,152,1,173,1,1,1,1
2,24,34,41,7758,4,5,2,0,101,4,124,29,143,151,1,173,1,1,1,1
2,24,33,49,6967,2,4,4,1,101,4,123,36,143,151,1,174,1,2,1,1
1,12,32,42,1282,1,3,2,0,101,4,123,20,143,151,1,173,1,1,1,2
1,9,34,45,1288,2,5,3,1,103,4,121,48,143,152,2,173,2,1,2,1
1,12,31,48,339,1,5,4,1,101,1,123,45,141,152,1,172,1,1,1,1
2,24,32,40,3512,2,4,2,1,101,3,123,38,141,152,2,173,1,2,1,1
0,6,34,43,1898,0,3,1,1,101,2,121,34,143,152,2,172,2,1,1,1
0,24,34,43,2872,2,5,3,1,101,4,121,36,143,152,1,173,2,2,1,1
0,18,34,40,1055,1,2,4,0,101,1,122,30,143,152,2,173,1,1,1,1
0,15,32,44,1262,3,4,4,1,101,3,122,36,143,152,2,173,1,2,1,1
2,10,32,40,7308,1,1,2,1,101,4,124,70,141,153,1,174,1,2,1,1
0,36,32,40,909,3,5,4,1,101,4,122,36,143,152,1,173,1,1,1,1
0,6,32,42,2978,3,3,1,1,101,2,123,32,143,152,1,173,1,2,1,1
1,18,32,42,1131,1,1,4,0,101,2,123,33,143,152,1,173,1,1,1,2
2,11,32,42,1577,4,2,4,0,101,1,121,20,143,152,1,173,1,1,1,1
0,24,32,42,3972,1,4,2,0,101,4,122,25,143,151,1,173,1,2,1,1
2,24,34,49,1935,1,5,4,1,101,4,121,31,143,152,2,173,1,2,1,2
1,15,30,40,950,1,5,4,1,101,3,123,33,143,151,2,173,2,1,1,2
0,12,32,42,763,1,3,4,0,101,1,121,26,143,152,1,173,1,2,1,1
2,24,33,42,2064,1,1,3,0,101,2,122,34,143,152,1,174,1,2,1,2
2,8,32,43,1414,1,3,4,1,103,2,121,33,143,152,1,173,1,1,2,1
1,21,33,46,3414,1,2,2,1,101,1,122,26,143,152,2,173,1,1,1,2
0,30,31,41,7485,0,1,4,0,101,1,121,53,141,152,1,174,1,2,1,2
1,12,32,42,2577,1,3,2,1,101,1,123,42,143,152,1,173,1,1,1,1
1,6,34,43,338,3,5,4,1,101,4,123,52,143,152,2,173,1,1,1,1
0,12,32,43,1963,1,4,4,1,101,2,123,31,143,151,2,174,2,2,1,1
1,21,34,40,571,1,5,4,1,101,4,121,65,143,152,2,173,1,1,1,1
0,36,33,49,9572,1,2,1,1,101,1,123,28,143,152,2,173,1,1,1,2
2,36,33,49,4455,1,3,2,1,101,2,121,30,142,152,2,174,1,2,1,2
1,21,31,40,1647,0,3,4,1,101,2,122,40,143,152,2,172,2,1,1,2
0,24,34,42,3777,4,3,4,1,101,4,121,50,143,152,1,173,1,2,1,1
2,18,34,40,884,1,5,4,1,101,4,123,36,141,152,1,173,2,2,1,2
0,15,34,43,1360,1,3,4,1,101,2,122,31,143,152,2,173,1,1,1,1
2,9,31,41,5129,1,5,2,0,101,4,124,74,141,153,1,174,2,2,1,2
2,16,34,40,1175,1,1,2,1,101,3,123,68,143,153,3,171,1,2,1,1
1,12,32,43,674,2,4,4,1,101,1,122,20,143,152,1,173,1,1,1,2
2,18,30,42,3244,1,3,1,0,101,4,123,33,141,152,2,173,1,2,1,1
0,24,32,49,4591,4,3,2,1,101,3,122,54,143,152,3,174,1,2,1,2
2,48,30,49,3844,2,4,4,1,101,4,124,34,143,153,1,172,2,1,1,2
2,27,32,49,3915,1,3,4,1,101,2,123,36,143,152,1,173,2,2,1,2
0,6,32,43,2108,1,4,2,1,101,2,121,29,143,151,1,173,1,1,1,1
2,45,32,43,3031,2,3,4,1,103,4,122,21,143,151,1,173,1,1,1,2
2,9,34,46,1501,1,5,2,0,101,3,123,34,143,152,2,174,1,2,1,2
0,6,34,43,1382,1,3,1,0,101,1,123,28,143,152,2,173,1,2,1,1
2,12,32,42,951,2,2,4,0,101,4,123,27,141,151,4,173,1,1,1,2
2,24,32,41,2760,0,5,4,1,101,4,124,36,141,153,1,173,1,2,1,1
2,18,33,42,4297,1,5,4,1,101,3,124,40,143,152,1,174,1,2,1,2
0,9,34,46,936,3,5,4,1,101,2,123,52,143,152,2,173,1,2,1,1
1,12,32,40,1168,1,3,4,1,101,3,121,27,143,152,1,172,1,1,1,1
0,27,33,49,5117,1,4,3,1,101,4,123,26,143,152,2,173,1,1,1,1
1,12,32,48,902,1,4,4,1,101,4,122,21,143,151,1,173,1,1,1,2
0,12,34,40,1495,1,5,4,1,101,1,121,38,143,152,2,172,2,1,1,1
1,30,34,41,10623,1,5,3,1,101,4,124,38,143,153,3,174,2,2,1,1
0,12,34,42,1935,1,5,4,1,101,4,121,43,143,152,3,173,1,2,1,1
2,12,34,44,1424,1,4,4,1,101,3,122,26,143,152,1,173,1,1,1,1
1,24,32,49,6568,1,3,2,1,101,2,123,21,142,152,1,172,1,1,1,1
0,12,32,41,1413,4,4,3,1,101,2,122,55,143,152,1,173,1,1,2,1
0,9,34,43,3074,0,3,1,1,101,2,121,33,143,152,2,173,2,1,1,1
0,36,32,43,3835,0,5,2,0,101,4,121,45,143,152,1,172,1,2,1,1
1,27,30,49,5293,1,1,2,1,101,4,122,50,142,152,2,173,1,2,1,2
3,30,33,49,1908,1,5,4,1,101,4,121,66,143,152,1,174,1,2,1,2
0,36,34,43,3342,0,5,4,1,101,2,123,51,143,152,1,173,1,2,1,1
2,6,34,48,932,0,4,1,0,101,3,122,39,143,152,2,172,1,1,1,1
1,18,30,49,3104,1,4,3,1,101,1,122,31,141,152,1,173,1,2,1,1
3,36,32,43,3913,1,3,2,1,101,2,121,23,143,152,1,173,1,2,1,1
1,24,32,42,3021,1,3,2,1,101,2,121,24,143,151,1,172,1,1,1,1
0,10,32,40,1364,1,3,2,0,101,4,123,64,143,152,1,173,1,2,1,1
2,12,32,43,625,1,2,4,1,103,1,121,26,141,152,1,172,1,1,1,1
1,12,32,46,1200,0,3,4,0,101,4,122,23,141,151,1,173,1,2,1,1
0,12,32,43,707,1,3,4,1,101,2,121,30,141,152,2,173,1,1,1,1
0,24,33,49,2978,0,3,4,1,101,4,121,32,143,152,2,173,2,2,1,1
0,15,32,41,4657,1,3,3,1,101,2,123,30,143,152,1,173,1,2,1,1
0,36,30,45,2613,1,3,4,1,101,2,123,27,143,152,2,173,1,1,1,1
2,48,32,43,10961,4,4,1,1,102,2,124,27,141,152,2,173,1,2,1,2
1,12,32,42,7865,1,5,4,1,101,4,124,53,143,153,1,174,1,2,1,2
0,9,32,43,1478,1,4,4,1,101,2,123,22,143,152,1,173,1,1,1,2
1,24,32,42,3149,1,2,4,1,101,1,124,22,141,153,1,173,1,1,1,1
3,36,32,43,4210,1,3,4,1,101,2,123,26,143,152,1,173,1,1,1,2
0,9,32,40,2507,3,5,2,1,101,4,124,51,143,153,1,172,1,1,1,1
0,12,32,43,2141,2,4,3,1,101,1,124,35,143,152,1,173,1,1,1,1
2,18,32,43,866,1,3,4,1,103,2,121,25,143,152,1,172,1,1,1,1
0,4,34,43,1544,1,4,2,1,101,1,121,42,143,152,3,172,2,1,1,1
1,24,32,43,1823,1,1,4,1,101,2,123,30,142,152,1,174,2,1,1,2
2,6,32,40,14555,0,1,1,1,101,2,122,23,143,152,1,171,1,2,1,2
2,21,32,49,2767,2,5,4,1,101,2,123,61,141,151,2,172,1,1,1,2
0,12,34,43,1291,1,3,4,0,101,2,122,35,143,152,2,173,1,1,1,1
1,30,32,43,2522,1,5,1,1,103,3,122,39,143,152,1,173,2,1,1,1
1,24,32,40,915,0,5,4,0,101,2,123,29,141,152,1,173,1,1,1,2
0,6,32,43,1595,1,4,3,1,101,2,122,51,143,152,1,173,2,1,1,1
1,48,30,41,4605,1,5,3,1,101,4,124,24,143,153,2,173,2,1,1,2
0,12,34,49,1185,1,3,3,0,101,2,121,27,143,152,2,173,1,1,1,1
0,12,31,48,3447,3,3,4,0,101,3,121,35,143,152,1,172,2,1,1,1
0,24,32,49,1258,1,4,4,1,101,1,121,25,143,152,1,173,1,2,1,1
0,12,34,43,717,1,5,4,1,101,4,121,52,143,152,3,173,1,1,1,1
0,6,30,40,1204,2,3,4,1,101,1,124,35,141,151,1,173,1,1,2,1
3,24,32,42,1925,1,3,2,1,101,2,121,26,143,152,1,173,1,1,1,1
0,18,32,43,433,1,1,3,0,102,4,121,22,143,151,1,173,1,1,1,2
1,6,34,40,666,4,4,3,0,101,4,121,39,143,152,2,172,1,2,1,1
3,12,32,42,2251,1,3,1,0,101,2,123,46,143,152,1,172,1,1,1,1
2,30,32,40,2150,1,3,4,0,103,2,124,24,141,152,1,173,1,1,1,2
0,24,33,42,4151,2,3,2,1,101,3,122,35,143,152,2,173,1,1,1,1
2,9,32,42,2030,0,4,2,1,101,1,123,24,143,152,1,173,1,2,1,1
2,60,33,43,7418,0,3,1,1,101,1,121,27,143,152,1,172,1,1,1,1
0,24,34,43,2684,1,3,4,1,101,2,121,35,143,152,2,172,1,1,1,1
1,12,31,43,2149,1,3,4,1,101,1,124,29,143,153,1,173,1,1,1,2
0,15,32,41,3812,2,2,1,0,101,4,123,23,143,152,1,173,1,2,1,1
0,11,34,43,1154,2,1,4,0,101,4,121,57,143,152,3,172,1,1,1,1
1,12,32,42,1657,1,3,2,1,101,2,121,27,143,152,1,173,1,1,1,1
1,24,32,43,1603,1,5,4,0,101,4,123,55,143,152,1,173,1,1,1,1
1,18,34,40,5302,1,5,2,1,101,4,124,36,143,153,3,174,1,2,1,1
0,12,34,46,2748,1,5,2,0,101,4,124,57,141,153,3,172,1,1,1,1
0,10,34,40,1231,1,5,3,1,101,4,121,32,143,152,2,172,2,1,2,1
2,15,32,43,802,1,5,4,1,101,3,123,37,143,152,1,173,2,1,1,2
0,36,34,49,6304,0,5,4,1,101,4,121,36,143,152,2,173,1,1,1,1
0,24,32,43,1533,1,2,4,0,101,3,123,38,142,152,1,173,1,2,1,1
1,14,32,40,8978,1,5,1,1,101,4,122,45,143,152,1,174,1,2,2,2
0,24,32,43,999,0,5,4,1,101,2,123,25,143,152,2,173,1,1,1,1
0,18,32,40,2662,0,4,4,1,101,3,122,32,143,152,1,173,1,1,2,1
0,12,34,42,1402,3,4,3,0,101,4,123,37,143,151,1,173,1,2,1,1
2,48,31,40,12169,0,1,4,1,102,4,124,36,143,153,1,174,1,2,1,1
2,48,32,43,3060,1,4,4,1,101,4,121,28,143,152,2,173,1,1,1,2
1,30,32,45,11998,1,2,1,1,101,1,124,34,143,152,1,172,1,2,1,2
0,9,32,43,2697,1,3,1,1,101,2,121,32,143,152,1,173,2,1,1,1
0,18,34,43,2404,1,3,2,0,101,2,123,26,143,152,2,173,1,1,1,1
1,12,32,42,1262,0,5,2,1,101,4,122,49,143,152,1,172,1,2,1,1
0,6,32,42,4611,1,2,1,0,101,4,122,32,143,152,1,173,1,1,1,2
0,24,32,43,1901,2,3,4,1,101,4,123,29,143,151,1,174,1,2,1,1
0,15,34,41,3368,4,5,3,1,101,4,124,23,143,151,2,173,1,2,1,1
0,12,32,42,1574,1,3,4,1,101,2,121,50,143,152,1,173,1,1,1,1
3,18,31,43,1445,0,4,4,1,101,4,123,49,141,152,1,172,1,1,1,1
0,15,34,42,1520,0,5,4,1,101,4,122,63,143,152,1,173,1,1,1,1
2,24,34,40,3878,2,2,4,1,101,2,123,37,143,152,1,173,1,2,1,1
1,47,32,40,10722,1,2,1,0,101,1,121,35,143,152,1,172,1,2,1,1
1,48,32,41,4788,1,4,4,1,101,3,122,26,143,152,1,173,2,1,1,1
2,48,33,410,7582,2,1,2,1,101,4,124,31,143,153,1,174,1,2,1,1
2,12,32,43,1092,1,3,4,0,103,4,121,49,143,152,2,173,1,2,1,1
1,24,33,43,1024,1,2,4,1,101,4,121,48,142,152,1,173,1,1,1,2
0,12,32,49,1076,1,3,2,1,101,2,121,26,143,152,1,173,1,2,2,1
2,36,32,41,9398,1,2,1,1,101,4,123,28,143,151,1,174,1,2,1,2
1,24,34,41,6419,1,5,2,0,101,4,124,44,143,153,2,174,2,2,1,1
3,42,34,41,4796,1,5,4,1,101,4,124,56,143,153,1,173,1,1,1,1
0,48,34,49,7629,0,5,4,1,101,2,123,46,141,152,2,174,2,1,1,1
2,48,32,42,9960,1,2,1,0,101,2,123,26,143,152,1,173,1,2,1,2
0,12,32,41,4675,0,2,1,0,101,4,123,20,143,151,1,173,1,1,1,1
0,10,32,40,1287,0,5,4,1,102,2,122,45,143,152,1,172,1,1,2,1
0,18,32,42,2515,1,3,3,1,101,4,121,43,143,152,1,173,1,2,1,1
2,21,34,42,2745,4,4,3,1,101,2,123,32,143,152,2,173,1,2,1,1
0,6,32,40,672,1,1,1,0,101,4,121,54,143,152,1,171,1,2,1,1
2,36,30,43,3804,1,3,4,0,101,1,123,42,143,152,1,173,1,2,1,2
3,24,34,40,1344,0,4,4,1,101,2,121,37,141,152,2,172,2,1,1,2
1,10,34,40,1038,1,4,4,1,102,3,122,49,143,152,2,173,1,2,1,1
0,48,34,40,10127,3,3,2,1,101,2,124,44,141,153,1,173,1,1,1,2
0,6,32,42,1543,4,3,4,1,101,2,121,33,143,152,1,173,1,1,1,1
0,30,32,41,4811,0,4,2,0,101,4,122,24,142,151,1,172,1,1,1,1
1,12,32,43,727,2,2,4,1,101,3,124,33,143,152,1,172,1,2,1,2
2,8,32,42,1237,1,3,3,0,101,4,121,24,143,152,1,173,1,1,1,2
2,9,32,40,276,1,3,4,1,101,4,121,22,143,151,1,172,1,1,1,1
2,48,32,410,5381,0,1,3,1,101,4,124,40,141,153,1,171,1,2,1,1
0,24,32,42,5511,2,3,4,1,101,1,123,25,142,152,1,173,1,1,1,1
3,24,32,42,3749,1,2,2,0,101,4,123,26,143,152,1,173,1,1,1,1
2,12,32,40,685,1,4,2,1,101,3,123,25,141,152,1,172,1,1,1,2
3,4,32,40,1494,0,2,1,1,101,2,121,29,143,152,1,172,2,1,2,1
1,36,31,42,2746,1,5,4,1,101,4,123,31,141,152,1,173,1,1,1,2
1,12,32,42,708,1,3,2,1,103,3,122,38,143,152,1,172,2,1,1,1
2,24,32,42,4351,0,3,1,0,101,4,122,48,143,152,1,172,1,2,1,1
0,12,34,46,701,1,3,4,1,101,2,123,32,143,152,2,173,1,1,1,1
1,15,33,42,3643,1,5,1,0,101,4,122,27,143,152,2,172,1,1,1,1
2,30,34,40,4249,1,1,4,1,101,2,123,28,143,152,2,174,1,1,1,2
1,24,32,43,1938,1,2,4,1,101,3,122,32,143,152,1,173,1,1,1,2
1,24,32,41,2910,1,4,2,1,101,1,124,34,143,153,1,174,1,2,1,1
1,18,32,42,2659,4,3,4,1,101,2,123,28,143,152,1,173,1,1,1,1
0,18,34,40,1028,1,3,4,0,101,3,121,36,143,152,2,173,1,1,1,1
1,8,34,40,3398,1,4,1,1,101,4,121,39,143,152,2,172,1,1,2,1
0,12,34,42,5801,0,5,2,1,101,4,122,49,143,151,1,173,1,2,1,1
0,24,32,40,1525,4,4,4,0,101,3,123,34,143,152,1,173,2,2,1,1
3,36,32,43,4473,1,5,4,1,101,2,123,31,143,152,1,173,1,1,1,1
2,6,32,43,1068,1,5,4,1,101,4,123,28,143,152,1,173,2,1,1,1
1,24,34,41,6615,1,1,2,1,101,4,124,75,143,153,2,174,1,2,1,1
0,18,34,46,1864,2,3,4,0,101,2,121,30,143,152,2,173,1,1,1,2
2,60,32,40,7408,2,2,4,0,101,2,122,24,143,152,1,174,1,1,1,2
0,48,34,41,11590,2,3,2,0,101,4,123,24,141,151,2,172,1,1,1,2
1,24,30,42,4110,1,5,3,1,101,4,124,23,141,151,2,173,2,1,1,2
1,6,34,42,3384,1,3,1,1,101,4,121,44,143,151,1,174,1,2,1,2
2,13,32,43,2101,1,2,2,0,103,4,122,23,143,152,1,172,1,1,1,1
1,15,32,44,1275,0,3,4,0,101,2,123,24,143,151,1,173,1,1,1,2
1,24,32,42,4169,1,3,4,1,101,4,122,28,143,152,1,173,1,1,1,1
2,10,32,42,1521,1,3,4,1,101,2,123,31,143,152,1,172,1,1,1,1
2,24,34,46,5743,1,2,2,0,101,4,124,24,143,153,2,173,1,2,1,1
1,21,32,42,3599,1,4,1,0,101,4,123,26,143,151,1,172,1,1,1,1
2,18,32,43,3213,3,2,1,1,101,3,121,25,143,151,1,173,1,1,1,1
2,18,32,49,4439,1,5,1,1,102,1,121,33,141,152,1,174,1,2,1,1
3,10,32,40,3949,1,2,1,1,103,1,122,37,143,152,1,172,2,1,1,1
0,15,34,43,1459,1,3,4,0,101,2,123,43,143,152,1,172,1,1,1,1
2,13,34,43,882,1,2,4,1,103,4,121,23,143,152,2,173,1,1,1,1
2,24,32,43,3758,3,1,1,0,101,4,124,23,143,151,1,171,1,1,1,1
0,6,33,49,1743,2,3,1,1,101,2,121,34,143,152,2,172,1,1,1,1
2,9,34,46,1136,4,5,4,1,101,3,124,32,143,153,2,173,2,1,1,2
0,9,32,44,1236,1,2,1,0,101,4,121,23,143,151,1,173,1,2,1,1
2,9,32,42,959,1,3,1,0,101,2,123,29,143,152,1,173,1,1,2,2
0,18,34,41,3229,0,1,2,1,101,4,124,38,143,152,1,174,1,2,1,1
1,12,30,43,6199,1,3,4,1,101,2,122,28,143,151,2,173,1,2,1,2
0,10,32,46,727,3,5,4,1,101,4,124,46,143,153,1,173,1,2,1,1
2,24,32,40,1246,1,2,4,1,101,2,121,23,142,152,1,172,1,1,1,2
0,12,34,43,2331,0,5,1,1,102,4,121,49,143,152,1,173,1,2,1,1
0,36,33,43,4463,1,3,4,1,101,2,123,26,143,152,2,174,1,2,1,2
0,12,32,43,776,1,3,4,1,101,2,121,28,143,152,1,173,1,1,1,1
1,30,32,42,2406,1,4,4,0,101,4,121,23,143,151,1,173,1,1,1,2
2,18,32,46,1239,0,3,4,1,101,4,124,61,143,153,1,173,1,1,1,1
3,12,32,43,3399,0,5,2,1,101,3,123,37,143,152,1,174,1,1,1,1
3,12,33,40,2247,1,3,2,0,101,2,123,36,142,152,2,173,1,2,1,1
0,6,32,42,1766,1,3,1,1,101,2,122,21,143,151,1,173,1,1,1,1
1,18,32,42,2473,1,1,4,1,101,1,123,25,143,152,1,171,1,1,1,2
0,12,32,49,1542,1,4,2,1,101,4,123,36,143,152,1,173,1,2,1,1
0,18,34,41,3850,1,4,3,1,101,1,123,27,143,152,2,173,1,1,1,1
1,18,32,42,3650,1,2,1,0,101,4,123,22,143,151,1,173,1,1,1,1
1,36,32,42,3446,1,5,4,1,101,2,123,42,143,152,1,173,2,1,1,2
2,18,32,42,3001,1,4,2,0,101,4,121,40,143,151,1,173,1,1,1,1
0,36,32,40,3079,0,3,4,1,101,4,121,36,143,152,1,173,1,1,1,1
0,18,34,43,6070,1,5,3,1,101,4,123,33,143,152,2,173,1,2,1,1
0,10,34,42,2146,1,2,1,0,101,3,121,23,143,151,2,173,1,1,1,1
0,60,34,40,13756,0,5,2,1,101,4,124,63,141,153,1,174,1,2,1,1
2,60,31,410,14782,2,5,3,0,101,4,124,60,141,153,2,174,1,2,1,2
1,48,31,49,7685,1,4,2,0,103,4,123,37,143,151,1,173,1,1,1,2
0,18,33,43,2320,1,1,2,1,101,3,121,34,143,152,2,173,1,1,1,1
0,7,33,43,846,0,5,3,1,101,4,124,36,143,153,1,173,1,1,1,1
2,36,32,40,14318,1,5,4,1,101,2,124,57,143,153,1,174,1,2,1,2
0,6,34,40,362,2,3,4,0,101,4,123,52,143,152,2,172,1,1,1,1
1,20,32,42,2212,0,4,4,1,101,4,123,39,143,152,1,173,1,2,1,1
2,18,32,41,12976,1,1,3,0,101,4,124,38,143,153,1,174,1,2,1,2
0,22,32,40,1283,0,4,4,0,101,4,122,25,143,151,1,173,1,1,1,1
3,12,32,40,1330,1,2,4,1,101,1,121,26,143,152,1,173,1,1,1,1
0,30,33,49,4272,2,3,2,1,101,2,122,26,143,152,2,172,1,1,1,1
0,18,34,43,2238,1,3,2,0,101,1,123,25,143,152,2,173,1,1,1,1
0,18,32,43,1126,0,2,4,0,101,2,121,21,143,151,1,173,1,2,1,1
2,18,34,42,7374,1,1,4,1,101,4,122,40,142,152,2,174,1,2,1,1
2,15,34,49,2326,3,3,2,1,101,4,123,27,141,152,1,173,1,1,1,1
0,9,32,49,1449,1,4,3,0,101,2,123,27,143,152,2,173,1,1,1,1
0,18,32,40,1820,1,3,2,1,101,2,122,30,143,152,1,174,1,2,1,1
2,12,32,42,983,4,2,1,0,101,4,121,19,143,151,1,172,1,1,1,1
1,36,32,40,3249,1,4,2,1,101,4,124,39,141,153,1,174,2,2,1,1
1,6,34,43,1957,1,4,1,0,101,4,123,31,143,152,1,173,1,1,1,1
0,9,34,42,2406,1,1,2,1,101,3,123,31,143,152,1,174,1,1,1,1
2,39,33,46,11760,2,4,2,1,101,3,124,32,143,151,1,173,1,2,1,1
1,12,32,42,2578,1,1,3,0,101,4,124,55,143,153,1,174,1,1,1,1
1,36,34,42,2348,1,3,3,1,101,2,122,46,143,152,2,173,1,2,1,1
2,12,32,40,1223,1,5,1,1,101,1,121,46,143,151,2,173,1,1,1,2
0,24,34,43,1516,4,3,4,0,101,1,121,43,143,152,2,172,1,1,1,1
0,18,32,43,1473,1,2,3,1,101,4,121,39,143,152,1,173,1,2,1,1
2,18,34,49,1887,0,3,4,1,101,4,121,28,141,152,2,173,1,1,1,1
0,24,33,49,8648,1,2,2,1,101,2,123,27,141,152,2,173,1,2,1,2
0,14,33,40,802,1,3,4,1,101,2,123,27,143,152,2,172,1,1,1,1
2,18,33,40,2899,0,5,4,1,101,4,123,43,143,152,1,173,2,1,1,1
2,24,32,43,2039,1,2,1,1,101,1,122,22,143,152,1,173,1,2,1,2
0,24,34,41,2197,0,4,4,1,101,4,123,43,143,152,2,173,2,2,1,1
1,15,32,43,1053,1,2,4,1,101,2,121,27,143,152,1,173,1,1,2,1
0,24,32,43,3235,3,5,3,1,101,2,123,26,143,152,1,174,1,2,1,1
3,12,34,40,939,3,4,4,1,101,2,121,28,143,152,3,173,1,2,1,2
2,24,32,43,1967,1,5,4,0,101,4,123,20,143,152,1,173,1,2,1,1
0,33,34,41,7253,1,4,3,1,101,2,123,35,143,152,2,174,1,2,1,1
0,12,34,49,2292,1,1,4,1,101,2,123,42,142,152,2,174,1,2,1,2
0,10,32,40,1597,3,3,3,1,101,2,124,40,143,151,1,172,2,1,2,1
1,24,32,40,1381,0,3,4,0,101,2,122,35,143,152,1,173,1,1,1,2
0,36,34,41,5842,1,5,2,1,101,2,122,35,143,152,2,173,2,2,1,1
1,12,32,40,2579,1,2,4,1,101,1,121,33,143,152,1,172,2,1,1,2
1,18,33,46,8471,0,3,1,0,101,2,123,23,143,151,2,173,1,2,1,1
0,21,32,40,2782,3,4,1,0,101,2,123,31,141,152,1,174,1,1,1,1
2,18,32,40,1042,0,3,4,0,101,2,122,33,143,152,1,173,1,1,1,2
0,15,32,40,3186,4,4,2,0,101,3,123,20,143,151,1,173,1,1,1,1
2,12,32,41,2028,0,3,4,1,101,2,123,30,143,152,1,173,1,1,1,1
2,12,34,40,958,1,4,2,1,101,3,121,47,143,152,2,172,2,1,1,1
0,21,33,42,1591,2,4,4,1,101,3,121,34,143,152,2,174,1,1,1,1
2,12,32,42,2762,0,5,1,0,101,2,122,25,141,152,1,173,1,2,1,2
2,18,32,41,2779,1,3,1,1,101,3,123,21,143,151,1,173,1,2,1,1
0,28,34,43,2743,1,5,4,1,101,2,123,29,143,152,2,173,1,1,1,1
0,18,34,43,1149,4,3,4,1,101,3,121,46,143,152,2,173,1,1,1,1
0,9,32,42,1313,1,5,1,1,101,4,123,20,143,152,1,173,1,1,1,1
1,18,34,45,1190,1,1,2,0,101,4,124,55,143,153,3,171,2,1,1,2
0,5,32,49,3448,1,4,1,1,101,4,121,74,143,152,1,172,1,1,1,1
2,24,32,410,11328,1,3,2,1,102,3,123,29,141,152,2,174,1,2,1,2
1,6,34,42,1872,1,1,4,1,101,4,124,36,143,153,3,174,1,2,1,1
0,24,34,45,2058,1,3,4,1,101,2,121,33,143,152,2,173,1,2,1,1
1,9,32,42,2136,1,3,3,1,101,2,121,25,143,152,1,173,1,1,1,1
2,12,32,43,1484,0,3,2,1,101,1,121,25,143,152,1,173,1,2,1,2
0,6,32,45,660,3,4,2,1,101,4,121,23,143,151,1,172,1,1,1,1
0,24,34,40,1287,4,5,4,0,101,4,121,37,143,152,2,173,1,2,1,1
1,42,34,45,3394,1,1,4,1,102,4,123,65,143,152,2,171,1,1,1,1
3,12,31,49,609,1,2,4,0,101,1,121,26,143,152,1,171,1,1,1,2
0,12,32,40,1884,1,5,4,1,101,4,123,39,143,152,1,174,1,2,1,1
1,12,32,42,1620,1,3,2,0,102,3,122,30,143,152,1,173,1,1,1,1
2,20,33,410,2629,1,3,2,1,101,3,123,29,141,152,2,173,1,2,1,1
0,12,32,46,719,1,5,4,1,101,4,123,41,141,152,1,172,2,1,1,2
2,48,34,42,5096,1,3,2,0,101,3,123,30,143,152,1,174,1,2,1,2
0,9,34,46,1244,0,5,4,0,101,4,122,41,143,151,2,172,1,1,1,1
1,36,32,40,1842,1,2,4,0,101,4,123,34,143,152,1,173,1,2,1,2
2,7,32,43,2576,1,3,2,1,103,2,121,35,143,152,1,173,1,1,1,1
3,12,32,42,1424,0,5,3,0,101,4,121,55,143,152,1,174,1,2,1,1
2,15,33,45,1512,4,3,3,1,101,3,122,61,142,152,2,173,1,1,1,2
0,36,34,41,11054,0,3,4,1,101,2,123,30,143,152,1,174,1,2,1,1
0,6,32,43,518,1,3,3,0,101,1,121,29,143,152,1,173,1,1,1,1
0,12,30,42,2759,1,5,2,1,101,4,122,34,143,152,2,173,1,1,1,1
0,24,32,41,2670,1,5,4,1,101,4,123,35,143,152,1,174,1,2,1,1
1,24,32,40,4817,1,4,2,1,102,3,122,31,143,152,1,173,1,2,1,2
0,24,32,41,2679,1,2,4,0,101,1,124,29,143,152,1,174,1,2,1,1
1,11,34,40,3905,1,3,2,1,101,2,121,36,143,151,2,173,2,1,1,1
1,12,32,41,3386,1,5,3,1,101,4,124,35,143,153,1,173,1,2,1,2
1,6,32,44,343,1,2,4,0,101,1,121,27,143,152,1,173,1,1,1,1
0,18,32,43,4594,1,2,3,1,101,2,123,32,143,152,1,173,1,2,1,1
1,36,32,42,3620,1,3,1,1,103,2,122,37,143,152,1,173,2,1,1,1
1,15,32,40,1721,1,2,2,1,101,3,121,36,143,152,1,173,1,1,1,1
2,12,32,42,3017,1,2,3,0,101,1,121,34,143,151,1,174,1,1,1,1
2,12,32,48,754,0,5,4,1,101,4,122,38,143,152,2,173,1,1,1,1
0,18,32,49,1950,1,4,4,1,101,1,123,34,142,152,2,173,1,2,1,1
1,24,32,41,2924,1,3,3,1,103,4,124,63,141,152,1,173,2,2,1,1
1,24,33,43,1659,1,2,4,0,101,2,123,29,143,151,1,172,1,2,1,2
0,48,33,43,7238,0,5,3,1,101,3,123,32,141,152,2,173,2,1,1,1
0,33,33,49,2764,1,3,2,0,101,2,123,26,143,152,2,173,1,2,1,1
0,24,33,41,4679,1,4,3,1,101,3,123,35,143,152,2,172,1,2,1,1
2,24,32,43,3092,2,2,3,1,101,2,123,22,143,151,1,173,1,2,1,2
1,6,32,46,448,1,2,4,0,101,4,122,23,143,152,1,173,1,1,1,2
1,9,32,40,654,1,3,4,1,101,3,123,28,143,152,1,172,1,1,1,2
0,6,32,48,1238,0,1,4,1,101,4,122,36,143,152,1,174,2,2,1,1
2,18,34,43,1245,1,3,4,1,101,2,123,33,143,152,1,173,1,1,1,2
1,18,30,42,3114,1,2,1,0,101,4,122,26,143,151,1,173,1,1,1,2
0,39,32,41,2569,3,3,4,1,101,4,123,24,143,152,1,173,1,1,1,1
3,24,32,43,5152,1,4,4,1,101,2,123,25,141,152,1,173,1,1,1,1
2,12,32,49,1037,2,4,3,1,101,4,121,39,143,152,1,172,1,1,1,1
1,15,34,42,1478,1,5,4,1,101,4,123,44,143,152,2,173,2,2,1,1
2,12,34,43,3573,1,3,1,0,101,1,121,23,143,152,1,172,1,1,1,1
2,24,32,40,1201,1,2,4,1,101,1,122,26,143,152,1,173,1,1,1,1
1,30,32,42,3622,4,5,4,0,101,4,122,57,143,151,2,173,1,2,1,1
0,15,33,42,960,4,4,3,0,101,2,122,30,143,152,2,173,1,1,1,1
0,12,34,40,1163,3,3,4,1,101,4,121,44,143,152,1,173,1,2,1,1
2,6,33,40,1209,1,1,4,1,101,4,122,47,143,152,1,174,1,2,1,2
0,12,32,43,3077,1,3,2,1,101,4,123,52,143,152,1,173,1,2,1,1
0,24,32,40,3757,1,5,4,0,102,4,124,62,143,153,1,173,1,2,1,1
0,10,32,40,1418,2,3,3,1,101,2,121,35,143,151,1,172,1,1,2,1
0,6,32,40,3518,1,3,2,1,103,3,122,26,143,151,1,173,1,1,1,1
0,12,34,43,1934,1,5,2,1,101,2,124,26,143,152,2,173,1,1,1,1
2,27,30,49,8318,1,5,2,0,101,4,124,42,143,153,2,174,1,2,1,2
0,6,34,43,1237,2,3,1,0,101,1,122,27,143,152,2,173,1,1,1,1
2,6,32,43,368,0,5,4,1,101,4,122,38,143,152,1,173,1,1,1,1
1,12,34,40,2122,1,3,3,1,101,2,121,39,143,151,2,172,2,1,2,1
1,24,32,42,2996,0,3,2,1,101,4,123,20,143,152,1,173,1,1,1,2
2,36,32,42,9034,2,2,4,1,102,1,124,29,143,151,1,174,1,2,1,2
0,24,34,42,1585,1,4,4,1,101,3,122,40,143,152,2,173,1,1,1,1
2,18,32,43,1301,1,5,4,1,103,2,121,32,143,152,1,172,1,1,1,1
3,6,34,40,1323,2,5,2,1,101,4,123,28,143,152,2,173,2,2,1,1
1,24,32,40,3123,1,2,4,0,101,1,122,27,143,152,1,173,1,1,1,2
1,36,32,41,5493,1,5,2,1,101,4,124,42,143,153,1,173,2,1,1,1
3,9,32,43,1126,2,5,2,1,101,4,121,49,143,152,1,173,1,1,1,1
2,24,34,43,1216,2,2,4,1,101,4,124,38,141,152,2,173,2,1,1,2
1,24,32,40,1207,1,2,4,0,101,4,122,24,143,151,1,173,1,1,1,2
0,10,32,40,1309,0,3,4,1,103,4,122,27,143,152,1,172,1,1,1,2
3,15,34,41,2360,3,3,2,1,101,2,123,36,143,152,1,173,1,2,1,1
2,15,31,40,6850,2,1,1,1,101,2,122,34,143,152,1,174,2,2,1,2
0,24,32,43,1413,1,3,4,1,101,2,122,28,143,152,1,173,1,1,1,1
0,39,32,41,8588,2,5,4,1,101,2,123,45,143,152,1,174,1,2,1,1
1,12,32,40,759,1,4,4,1,101,2,121,26,143,152,1,173,1,1,1,2
0,36,32,41,4686,1,3,2,1,101,2,124,32,143,153,1,174,1,2,1,1
3,15,32,49,2687,1,4,2,1,101,4,122,26,143,151,1,173,1,2,1,1
2,12,33,43,585,1,3,4,1,102,4,121,20,143,151,2,173,1,1,1,1
0,24,32,40,2255,0,2,4,1,101,1,122,54,143,152,1,173,1,1,1,1
1,6,34,40,609,1,4,4,0,101,3,122,37,143,152,2,173,1,1,2,1
1,6,34,40,1361,1,2,2,1,101,4,121,40,143,152,1,172,2,1,2,1
0,36,34,42,7127,1,2,2,0,101,4,122,23,143,151,2,173,1,2,1,2
1,6,32,40,1203,2,5,3,1,101,2,122,43,143,152,1,173,1,2,1,1
0,6,34,43,700,0,5,4,1,101,4,124,36,143,153,2,173,1,1,1,1
0,24,34,45,5507,1,5,3,1,101,4,124,44,143,153,2,173,1,1,1,1
1,18,32,43,3190,1,3,2,0,101,2,121,24,143,152,1,173,1,1,1,2
1,48,30,42,7119,1,3,3,1,101,4,124,53,143,153,2,173,2,1,1,2
0,24,32,41,3488,2,4,3,0,101,4,123,23,143,152,1,173,1,1,1,1
2,18,32,43,1113,1,3,4,0,103,4,121,26,143,152,1,172,2,1,1,1
2,26,32,41,7966,1,2,2,1,101,3,123,30,143,152,2,173,1,1,1,1
0,15,34,46,1532,2,3,4,0,101,3,123,31,143,152,1,173,1,1,1,1
0,4,34,43,1503,1,4,2,1,101,1,121,42,143,152,2,172,2,1,1,1
1,36,32,43,2302,1,3,4,1,101,4,123,31,143,151,1,173,1,1,1,2
1,6,32,40,662,1,2,3,1,101,4,121,41,143,152,1,172,2,2,1,1
2,36,32,46,2273,1,4,3,1,101,1,123,32,143,152,2,173,2,1,1,1
2,15,32,40,2631,2,3,2,0,101,4,123,28,143,151,2,173,1,2,1,2
0,12,33,41,1503,1,3,4,1,101,4,121,41,143,151,1,173,1,1,1,1
0,24,32,43,1311,2,4,4,1,101,3,122,26,143,152,1,173,1,2,1,1
0,24,32,43,3105,0,2,4,1,101,2,123,25,143,152,2,173,1,1,1,1
3,21,34,46,2319,1,2,2,1,101,1,123,33,143,151,1,173,1,1,1,2
1,6,32,40,1374,0,1,4,0,101,3,122,75,143,152,1,174,1,2,1,1
2,18,34,42,3612,1,5,3,0,101,4,122,37,143,152,1,173,1,2,1,1
1,48,32,40,7763,1,5,4,1,101,4,124,42,141,153,1,174,1,1,1,2
3,18,32,42,3049,1,2,1,0,101,1,122,45,142,152,1,172,1,1,1,1
2,12,32,43,1534,1,2,1,1,101,1,121,23,143,151,1,173,1,1,1,2
0,24,33,40,2032,1,5,4,1,101,4,124,60,143,153,2,173,1,2,1,1
1,30,32,42,6350,0,5,4,1,101,4,122,31,143,152,1,173,1,1,1,2
3,18,32,42,2864,1,3,2,1,101,1,121,34,143,152,1,172,2,1,1,2
0,12,34,40,1255,1,5,4,1,101,4,121,61,143,152,2,172,1,1,1,1
1,24,33,40,1333,1,1,4,1,101,2,121,43,143,153,2,173,2,1,1,2
0,24,34,40,2022,1,3,4,0,101,4,123,37,143,152,1,173,1,2,1,1
0,24,32,43,1552,1,4,3,1,101,1,123,32,141,152,1,173,2,1,1,1
1,12,31,43,626,1,3,4,0,101,4,121,24,141,152,1,172,1,1,1,2
0,48,34,41,8858,0,4,2,1,101,1,124,35,143,153,2,173,1,2,1,1
0,12,34,45,996,0,4,4,0,101,4,121,23,143,152,2,173,1,1,1,1
0,6,31,43,1750,3,5,2,1,101,4,122,45,141,152,1,172,2,1,1,1
1,48,32,43,6999,1,4,1,1,103,1,121,34,143,152,2,173,1,2,1,2
2,12,34,40,1995,2,2,4,1,101,1,123,27,143,152,1,173,1,1,1,1
2,9,32,46,1199,1,4,4,0,101,4,122,67,143,152,2,174,1,2,1,1
2,12,32,43,1331,1,2,2,1,101,1,123,22,142,152,1,173,1,1,1,2
2,18,30,40,2278,2,2,3,0,101,3,123,28,143,152,2,173,1,1,1,2
0,21,30,40,5003,0,3,1,0,101,4,122,29,141,152,2,173,1,2,1,2
1,24,31,42,3552,1,4,3,1,101,4,123,27,141,152,1,173,1,1,1,2
2,18,34,42,1928,1,2,2,1,101,2,121,31,143,152,2,172,1,1,1,2
1,24,32,41,2964,0,5,4,1,101,4,124,49,141,153,1,173,2,2,1,1
1,24,31,43,1546,1,4,4,1,103,4,123,24,141,151,1,172,1,1,1,2
3,6,33,43,683,1,2,2,0,101,1,122,29,141,152,1,173,1,1,1,1
2,36,32,40,12389,0,3,1,1,101,4,124,37,143,153,1,173,1,2,1,2
2,24,33,49,4712,0,3,4,1,101,2,122,37,141,152,2,174,1,2,1,1
2,24,33,43,1553,2,4,3,0,101,2,122,23,143,151,2,173,1,2,1,1
1,12,32,40,1372,1,4,2,1,101,3,123,36,143,152,1,173,1,1,1,2
0,24,34,43,2578,4,5,2,1,101,2,123,34,143,152,1,173,1,1,1,1
2,48,32,43,3979,0,4,4,1,101,1,123,41,143,152,2,173,2,2,1,1
1,48,32,43,6758,1,3,3,0,101,2,123,31,143,152,1,173,1,2,1,2
1,24,32,42,3234,1,2,4,0,101,4,121,23,143,151,1,172,1,2,1,2
0,30,34,43,5954,1,4,3,1,102,2,123,38,143,152,1,173,1,1,1,1
0,24,32,41,5433,0,1,2,0,101,4,122,26,143,151,1,174,1,2,1,1
1,15,32,49,806,1,3,4,0,101,4,122,22,143,152,1,172,1,1,1,1
2,9,32,43,1082,1,5,4,1,101,4,123,27,143,152,2,172,1,1,1,1
0,15,34,42,2788,1,4,2,0,102,3,123,24,141,152,2,173,1,1,1,1
2,12,32,43,2930,1,4,2,0,101,1,121,27,143,152,1,173,1,1,1,1
0,24,34,46,1927,0,3,3,0,101,2,123,33,143,152,2,173,1,2,1,1
2,36,34,40,2820,1,2,4,1,101,4,123,27,143,152,2,173,1,1,1,2
0,24,32,48,937,1,2,4,1,101,3,123,27,143,152,2,172,1,1,1,1
2,18,34,40,1056,1,5,3,1,103,3,121,30,141,152,2,173,1,1,1,2
2,12,34,40,3124,1,2,1,1,101,3,121,49,141,152,2,172,2,1,1,1
0,9,32,42,1388,1,3,4,0,101,2,121,26,143,151,1,173,1,1,1,1
2,36,32,45,2384,1,2,4,1,101,1,124,33,143,151,1,172,1,1,1,2
0,12,32,40,2133,0,5,4,0,101,4,124,52,143,153,1,174,1,2,1,1
1,18,32,42,2039,1,3,1,0,101,4,121,20,141,151,1,173,1,1,1,2
1,9,34,40,2799,1,3,2,1,101,2,121,36,143,151,2,173,2,1,1,1
1,12,32,42,1289,1,3,4,1,103,1,122,21,143,152,1,172,1,1,1,1
1,18,32,44,1217,1,3,4,1,101,3,121,47,143,152,1,172,1,2,1,2
1,12,34,42,2246,1,5,3,1,101,3,122,60,143,152,2,173,1,1,1,2
1,12,34,43,385,1,4,4,0,101,3,121,58,143,152,4,172,1,2,1,1
2,24,33,40,1965,0,3,4,0,101,4,123,42,143,151,2,173,1,2,1,1
0,21,32,49,1572,4,5,4,0,101,4,121,36,141,152,1,172,1,1,1,1
2,24,32,40,2718,1,3,3,0,101,4,122,20,143,151,1,172,1,2,1,2
1,24,31,410,1358,0,5,4,1,101,3,123,40,142,152,1,174,1,2,1,2
2,6,31,40,931,2,2,1,0,101,1,122,32,142,152,1,172,1,1,1,2
1,24,32,40,1442,1,4,4,0,101,4,123,23,143,151,2,173,1,1,1,2
2,24,30,49,4241,1,3,1,1,101,4,121,36,143,152,3,172,1,2,1,2
0,18,34,40,2775,1,4,2,1,101,2,122,31,141,152,2,173,1,1,1,2
0,24,33,49,3863,1,3,1,1,101,2,124,32,143,153,1,173,1,1,1,1
2,7,32,43,2329,1,2,1,0,103,1,121,45,143,152,1,173,1,1,1,1
2,9,32,42,918,1,3,4,0,101,1,122,30,143,152,1,173,1,1,1,2
2,24,31,46,1837,1,4,4,0,101,4,124,34,141,153,1,172,1,1,1,2
0,36,32,42,3349,1,3,4,0,101,2,123,28,143,152,1,174,1,2,1,2
3,10,32,42,1275,1,2,4,0,101,2,122,23,143,152,1,173,1,1,1,1
1,24,31,42,2828,3,3,4,1,101,4,121,22,142,152,1,173,1,2,1,1
0,24,34,49,4526,1,3,3,1,101,2,121,74,143,152,1,174,1,2,1,1
2,36,32,43,2671,2,3,4,0,102,4,124,50,143,153,1,173,1,1,1,2
0,18,32,43,2051,1,2,4,1,101,1,121,33,143,152,1,173,1,1,1,1
0,15,32,41,1300,0,5,4,1,101,4,124,45,141,153,1,173,2,1,1,1
1,12,32,44,741,2,1,4,0,101,3,122,22,143,152,1,173,1,1,1,2
3,10,32,40,1240,2,5,1,0,101,4,124,48,143,153,1,172,2,1,1,2
1,21,32,43,3357,4,2,4,0,101,2,123,29,141,152,1,173,1,1,1,1
1,24,31,41,3632,1,3,1,0,103,4,123,22,141,151,1,173,1,1,2,1
0,18,33,42,1808,1,4,4,0,101,1,121,22,143,152,1,173,1,1,1,2
2,48,30,49,12204,0,3,2,1,101,2,123,48,141,152,1,174,1,2,1,1
2,60,33,43,9157,0,3,2,1,101,2,124,27,143,153,1,174,1,1,1,1
1,6,34,40,3676,1,3,1,1,101,3,121,37,143,151,3,173,2,1,1,1
2,30,32,42,3441,2,3,2,0,102,4,123,21,143,151,1,173,1,1,1,2
0,12,32,40,640,1,3,4,1,101,2,121,49,143,152,1,172,1,1,1,1
2,21,34,49,3652,1,4,2,1,101,3,122,27,143,152,2,173,1,1,1,1
0,18,34,40,1530,1,3,3,1,101,2,122,32,141,152,2,173,1,1,1,2
0,48,32,49,3914,0,3,4,1,101,2,121,38,141,152,1,173,1,1,1,2
1,12,32,42,1858,1,2,4,0,101,1,123,22,143,151,1,173,1,1,1,1
1,18,32,43,2600,1,3,4,1,101,4,124,65,143,153,2,173,1,1,1,2
0,15,32,43,1979,0,5,4,1,101,2,123,35,143,152,1,173,1,1,1,1
3,6,32,42,2116,1,3,2,1,101,2,121,41,143,152,1,173,1,2,1,1
2,9,31,40,1437,2,4,2,1,101,3,124,29,143,152,1,173,1,1,1,2
0,42,34,42,4042,3,3,4,1,101,4,121,36,143,152,2,173,1,2,1,1
0,9,32,46,3832,0,5,1,1,101,4,121,64,143,152,1,172,1,1,1,1
1,24,32,43,3660,1,3,2,0,101,4,123,28,143,152,1,173,1,1,1,1
1,18,31,42,1553,1,3,4,1,101,3,123,44,141,152,1,173,1,1,1,2
2,15,32,43,1444,0,2,4,1,101,1,122,23,143,152,1,173,1,1,1,1
0,9,32,42,1980,1,2,2,0,102,2,123,19,143,151,2,173,1,1,1,2
2,24,32,40,1355,1,2,3,0,101,4,123,25,143,152,1,172,1,2,1,2
0,12,32,46,1393,1,5,4,1,101,4,122,47,141,152,3,173,2,2,1,1
0,24,32,43,1376,3,4,4,0,101,1,123,28,143,152,1,173,1,1,1,1
0,60,33,43,15653,1,4,2,1,101,4,123,21,143,152,2,173,1,2,1,1
0,12,32,43,1493,1,2,4,0,101,3,123,34,143,152,1,173,2,1,1,1
1,42,33,43,4370,1,4,3,1,101,2,122,26,141,152,2,173,2,2,1,2
1,18,32,46,750,1,1,4,0,101,1,121,27,143,152,1,171,1,1,1,2
2,15,32,45,1308,1,5,4,1,101,4,123,38,143,152,2,172,1,1,1,1
0,15,32,46,4623,2,3,3,1,101,2,122,40,143,152,1,174,1,2,1,2
0,24,34,43,1851,1,4,4,1,103,2,123,33,143,152,2,173,1,2,1,1
1,18,34,43,1880,1,4,4,1,101,1,122,32,143,152,2,174,1,2,1,1
0,36,33,49,7980,0,2,4,1,101,4,123,27,143,151,2,173,1,2,1,2
1,30,30,42,4583,1,3,2,1,103,2,121,32,143,152,2,173,1,1,1,1
0,12,32,40,1386,3,3,2,0,101,2,122,26,143,152,1,173,1,1,1,2
3,24,32,40,947,1,4,4,1,101,3,124,38,141,153,1,173,2,1,1,2
1,12,32,46,684,1,3,4,1,101,4,123,40,143,151,1,172,2,1,1,2
1,48,32,46,7476,1,4,4,1,101,1,124,50,143,153,1,174,1,2,1,1
2,12,32,42,1922,1,3,4,1,101,2,122,37,143,152,1,172,1,1,1,2
1,24,32,40,2303,1,5,4,1,102,1,121,45,143,152,1,173,1,1,1,2
2,36,33,40,8086,2,5,2,1,101,4,123,42,143,152,4,174,1,2,1,2
0,24,34,41,2346,1,4,4,1,101,3,123,35,143,152,2,173,1,2,1,1
1,14,32,40,3973,1,1,1,1,101,4,124,22,143,153,1,173,1,1,1,1
2,12,32,40,888,1,5,4,1,101,4,123,41,141,152,1,172,2,1,1,2
0,48,32,43,10222,0,4,4,1,101,3,123,37,142,152,1,173,1,2,1,1
2,30,30,49,4221,1,3,2,0,101,1,123,28,143,152,2,173,1,1,1,1
2,18,34,42,6361,1,5,2,1,101,1,124,41,143,152,1,173,1,2,1,1
3,12,32,43,1297,1,3,3,1,101,4,121,23,143,151,1,173,1,1,1,1
1,12,32,40,900,0,3,4,1,101,2,123,23,143,152,1,173,1,1,1,2
0,21,32,42,2241,1,5,4,1,101,2,121,50,143,152,2,173,1,1,1,1
2,6,33,42,1050,1,1,4,1,101,1,122,35,142,152,2,174,1,2,1,1
3,6,34,46,1047,1,3,2,0,101,4,122,50,143,152,1,172,1,1,1,1
0,24,34,410,6314,1,1,4,1,102,2,124,27,141,152,2,174,1,2,1,1
2,30,31,42,3496,4,3,4,1,101,2,123,34,142,152,1,173,2,2,1,1
0,48,31,49,3609,1,3,1,0,101,1,121,27,142,152,1,173,1,1,1,1
1,12,34,40,4843,1,5,3,1,102,4,122,43,143,151,2,173,1,2,1,2
3,30,34,43,3017,1,5,4,1,101,4,122,47,143,152,1,173,1,1,1,1
0,24,34,49,4139,2,3,3,1,101,3,122,27,143,152,2,172,1,2,1,1
0,36,32,49,5742,2,4,2,1,101,2,123,31,143,152,2,173,1,2,1,1
0,60,32,40,10366,1,5,2,1,101,4,122,42,143,152,1,174,1,2,1,1
0,6,34,40,2080,3,3,1,1,101,2,123,24,143,152,1,173,1,1,1,1
0,21,33,49,2580,3,2,4,1,101,2,121,41,141,152,1,172,2,1,1,2
0,30,34,43,4530,1,4,4,0,101,4,123,26,143,151,1,174,1,2,1,1
0,24,34,42,5150,1,5,4,1,101,4,123,33,143,152,1,173,1,2,1,1
2,72,32,43,5595,2,3,2,1,101,2,123,24,143,152,1,173,1,1,1,2
1,24,32,43,2384,1,5,4,1,101,4,121,64,141,151,1,172,1,1,1,1
0,18,32,43,1453,1,2,3,0,101,1,121,26,143,152,1,173,1,1,1,1
0,6,32,46,1538,1,2,1,0,101,2,124,56,143,152,1,173,1,1,1,1
0,12,32,43,2279,0,3,4,1,101,4,124,37,143,153,1,173,1,2,1,1
0,15,33,43,1478,1,3,4,1,101,3,121,33,141,152,2,173,1,1,1,1
0,24,34,43,5103,1,2,3,1,101,3,124,47,143,153,3,173,1,2,1,1
2,36,33,49,9857,2,4,1,1,101,3,122,31,143,152,2,172,2,2,1,1
0,60,32,40,6527,0,3,4,1,101,4,124,34,143,153,1,173,2,2,1,1
3,10,34,43,1347,0,4,4,1,101,2,122,27,143,152,2,173,1,2,1,1
2,36,33,40,2862,2,5,4,1,101,3,124,30,143,153,1,173,1,1,1,1
0,9,32,43,2753,2,5,3,1,102,4,123,35,143,152,1,173,1,2,1,1
1,12,32,40,3651,4,3,1,1,101,3,122,31,143,152,1,173,2,1,1,1
1,15,34,42,975,1,3,2,1,101,3,122,25,143,152,2,173,1,1,1,1
2,15,32,45,2631,2,3,3,0,101,2,121,25,143,152,1,172,1,1,1,1
2,24,32,43,2896,2,2,2,1,101,1,123,29,143,152,1,173,1,1,1,1
1,6,34,40,4716,0,2,1,1,101,3,121,44,143,152,2,172,2,1,1,1
0,24,32,43,2284,1,4,4,1,101,2,123,28,143,152,1,173,1,2,1,1
0,6,32,41,1236,3,3,2,1,101,4,122,50,143,151,1,173,1,1,1,1
2,12,32,43,1103,1,4,4,1,103,3,121,29,143,152,2,173,1,1,2,1
0,12,34,40,926,1,1,1,0,101,2,122,38,143,152,1,171,1,1,1,1
0,18,34,43,1800,1,3,4,1,101,2,123,24,143,152,2,173,1,1,1,1
3,15,32,46,1905,1,5,4,1,101,4,123,40,143,151,1,174,1,2,1,1
0,12,32,42,1123,3,3,4,0,101,4,123,29,143,151,1,172,1,1,1,2
1,48,34,41,6331,1,5,4,1,101,4,124,46,143,153,2,173,1,2,1,2
3,24,32,43,1377,2,5,4,0,101,2,124,47,143,153,1,173,1,2,1,1
2,30,33,49,2503,2,5,4,1,101,2,122,41,142,152,2,173,1,1,1,1
2,27,32,49,2528,1,2,4,0,101,1,122,32,143,152,1,173,2,2,1,1
0,15,32,40,5324,3,5,1,0,101,4,124,35,143,153,1,173,1,1,1,1
2,48,32,40,6560,2,4,3,1,101,2,122,24,143,152,1,173,1,1,1,2
2,12,30,42,2969,1,2,4,0,101,3,122,25,143,151,2,173,1,1,1,2
2,9,32,43,1206,1,5,4,0,101,4,121,25,143,152,1,173,1,1,1,1
2,9,32,43,2118,1,3,2,1,101,2,121,37,143,152,1,172,2,1,1,1
0,18,34,43,629,3,5,4,1,101,3,122,32,141,152,2,174,1,2,1,1
1,6,31,46,1198,1,5,4,0,101,4,124,35,143,153,1,173,1,1,1,2
0,21,32,41,2476,0,5,4,1,101,4,121,46,143,152,1,174,1,2,1,1
1,9,34,43,1138,1,3,4,1,101,4,121,25,143,152,2,172,1,1,1,1
2,60,32,40,14027,1,4,4,1,101,2,124,27,143,152,1,174,1,2,1,2
0,30,34,41,7596,0,5,1,1,101,4,123,63,143,152,2,173,1,1,1,1
0,30,34,43,3077,0,5,3,1,101,2,123,40,143,152,2,173,2,2,1,1
0,18,32,43,1505,1,3,4,1,101,2,124,32,143,153,1,174,1,2,1,1
3,24,34,43,3148,0,3,3,1,101,2,123,31,143,152,2,173,1,2,1,1
2,20,30,41,6148,2,5,3,1,101,4,123,31,141,152,2,173,1,2,1,1
3,9,30,43,1337,1,2,4,1,101,2,123,34,143,152,2,174,1,2,1,2
2,6,31,46,433,4,2,4,0,101,2,122,24,141,151,1,173,2,1,1,2
1,12,32,40,1228,1,3,4,0,101,2,121,24,143,152,1,172,1,1,1,2
2,9,32,43,790,3,3,4,0,101,3,121,66,143,152,1,172,1,1,1,1
0,27,32,40,2570,1,3,3,0,101,3,121,21,143,151,1,173,1,1,1,2
0,6,34,40,250,4,3,2,0,101,2,121,41,141,152,2,172,1,1,1,1
0,15,34,43,1316,3,3,2,1,101,2,122,47,143,152,2,172,1,1,1,1
1,18,32,43,1882,1,3,4,0,101,4,123,25,141,151,2,173,1,1,1,2
2,48,31,49,6416,1,5,4,0,101,3,124,59,143,151,1,173,1,1,1,2
3,24,34,49,1275,4,3,2,1,101,4,121,36,143,152,2,173,1,2,1,1
2,24,33,43,6403,1,2,1,1,101,2,123,33,143,152,1,173,1,1,1,1
1,24,32,43,1987,1,3,2,1,101,4,121,21,143,151,1,172,2,1,1,2
2,8,32,43,760,1,4,4,0,103,2,121,44,143,152,1,172,1,1,1,1
0,24,32,41,2603,4,3,2,0,101,4,123,28,143,151,1,173,1,2,1,1
0,4,34,40,3380,1,4,1,0,101,1,121,37,143,152,1,173,2,1,1,1
2,36,31,44,3990,0,2,3,0,101,2,124,29,141,152,1,171,1,1,1,1
2,24,32,41,11560,1,3,1,0,101,4,123,23,143,151,2,174,1,1,1,2
1,18,32,40,4380,2,3,3,1,101,4,123,35,143,152,1,172,2,2,1,1
0,6,34,40,6761,1,4,1,1,101,3,124,45,143,152,2,174,2,2,1,1
2,30,30,49,4280,2,3,4,0,101,4,123,26,143,151,2,172,1,1,1,2
1,24,31,40,2325,2,4,2,1,101,3,123,32,141,152,1,173,1,1,1,1
2,10,31,43,1048,1,3,4,1,101,4,121,23,142,152,1,172,1,1,1,1
0,21,32,43,3160,0,5,4,1,101,3,122,41,143,152,1,173,1,2,1,1
1,24,31,42,2483,3,3,4,1,101,4,121,22,142,152,1,173,1,2,1,1
1,39,34,42,14179,0,4,4,1,101,4,122,30,143,152,2,174,1,2,1,1
1,13,34,49,1797,1,2,3,1,101,1,122,28,141,152,2,172,1,1,1,1
1,15,32,40,2511,1,1,1,0,101,4,123,23,143,151,1,173,1,1,1,1
1,12,32,40,1274,1,2,3,0,101,1,121,37,143,152,1,172,1,1,1,2
0,21,32,41,5248,0,3,1,1,101,3,123,26,143,152,1,173,1,1,1,1
0,15,32,41,3029,1,4,2,1,101,2,123,33,143,152,1,173,1,1,1,1
1,6,32,42,428,1,5,2,0,101,1,122,49,141,152,1,173,1,2,1,1
1,18,32,40,976,1,2,1,0,101,2,123,23,143,152,1,172,1,1,1,2
2,12,32,49,841,2,4,2,0,101,4,121,23,143,151,1,172,1,1,1,1
0,30,34,43,5771,1,4,4,0,101,2,123,25,143,152,2,173,1,1,1,1
0,12,33,45,1555,4,5,4,1,101,4,124,55,143,153,2,173,2,1,1,2
1,24,32,40,1285,0,4,4,0,101,4,124,32,143,151,1,173,1,1,1,2
3,6,34,40,1299,1,3,1,1,101,1,121,74,143,152,3,171,2,1,2,1
3,15,34,43,1271,0,3,3,1,101,4,124,39,143,153,2,173,1,2,1,2
0,24,32,40,1393,1,3,2,1,103,2,121,31,143,152,1,173,1,2,1,1
1,12,34,40,691,1,5,4,1,101,3,122,35,143,152,2,173,1,1,1,2
0,15,34,40,5045,0,5,1,0,101,4,123,59,143,152,1,173,1,2,1,1
1,18,34,42,2124,1,3,4,0,101,4,121,24,143,151,2,173,1,1,1,2
1,12,32,43,2214,1,3,4,1,101,3,122,24,143,152,1,172,1,1,1,1
0,21,34,40,12680,0,5,4,1,101,4,124,30,143,153,1,174,1,2,1,2
0,24,34,40,2463,2,4,4,1,101,3,122,27,143,152,2,173,1,2,1,1
2,12,32,43,1155,1,5,3,1,103,3,121,40,141,152,2,172,1,1,1,1
1,30,32,42,3108,1,2,2,1,101,4,122,31,143,152,1,172,1,1,1,2
0,10,32,41,2901,0,2,1,0,101,4,121,31,143,151,1,173,1,1,1,1
2,12,34,42,3617,1,5,1,1,101,4,123,28,143,151,3,173,1,2,1,1
0,12,34,43,1655,1,5,2,1,101,4,121,63,143,152,2,172,1,2,1,1
1,24,32,41,2812,0,5,2,0,101,4,121,26,143,151,1,173,1,1,1,1
1,36,34,46,8065,1,3,3,0,101,2,124,25,143,152,2,174,1,2,1,2
0,21,34,41,3275,1,5,1,1,101,4,123,36,143,152,1,174,1,2,1,1
0,24,34,43,2223,2,5,4,1,101,4,122,52,141,152,2,173,1,1,1,1
3,12,34,40,1480,3,1,2,1,101,4,124,66,141,153,3,171,1,1,1,1
1,24,32,40,1371,0,3,4,0,101,4,121,25,143,151,1,173,1,1,1,2
0,36,34,40,3535,1,4,4,1,101,4,123,37,143,152,2,173,1,2,1,1
1,18,32,43,3509,1,4,4,0,103,1,121,25,143,152,1,173,1,1,1,1
0,36,34,41,5711,4,5,4,1,101,2,123,38,143,152,2,174,1,2,1,1
2,18,32,45,3872,1,1,2,0,101,4,123,67,143,152,1,173,1,2,1,1
2,39,34,43,4933,1,4,2,1,103,2,121,25,143,152,2,173,1,1,1,2
0,24,34,40,1940,4,5,4,1,101,4,121,60,143,152,1,173,1,2,1,1
2,12,30,48,1410,1,3,2,1,101,2,121,31,143,152,1,172,1,2,1,1
2,12,32,40,836,2,2,4,0,101,2,122,23,141,152,1,172,1,1,1,2
2,20,32,41,6468,0,1,1,1,101,4,121,60,143,152,1,174,1,2,1,1
2,18,32,49,1941,4,3,4,1,101,2,122,35,143,152,1,172,1,2,1,1
0,22,32,43,2675,3,5,3,1,101,4,123,40,143,152,1,173,1,1,1,1
0,48,34,41,2751,0,5,4,1,101,3,123,38,143,152,2,173,2,2,1,1
2,48,33,46,6224,1,5,4,1,101,4,124,50,143,153,1,173,1,1,1,2
1,40,34,46,5998,1,3,4,1,101,3,124,27,141,152,1,173,1,2,1,2
2,21,32,49,1188,1,5,2,0,101,4,122,39,143,152,1,173,2,1,1,2
0,24,32,41,6313,0,5,3,1,101,4,123,41,143,152,1,174,2,2,1,1
0,6,34,42,1221,0,3,1,1,101,2,122,27,143,152,2,173,1,1,1,1
3,24,32,42,2892,1,5,3,1,101,4,124,51,143,153,1,173,1,1,1,1
0,24,32,42,3062,3,5,4,1,101,3,124,32,143,151,1,173,1,2,1,1
0,9,32,42,2301,2,2,2,0,101,4,122,22,143,151,1,173,1,1,1,1
1,18,32,41,7511,0,5,1,1,101,4,122,51,143,153,1,173,2,2,1,2
0,12,34,42,1258,1,2,2,0,101,4,122,22,143,151,2,172,1,1,1,1
0,24,33,40,717,0,5,4,1,101,4,123,54,143,152,2,173,1,2,1,1
2,9,32,40,1549,0,2,4,1,101,2,121,35,143,152,1,171,1,1,1,1
0,24,34,46,1597,1,5,4,1,101,4,124,54,143,153,2,173,2,1,1,1
2,18,34,43,1795,1,5,3,0,103,4,121,48,141,151,2,172,1,2,1,1
1,20,34,42,4272,1,5,1,0,101,4,122,24,143,152,2,173,1,1,1,1
0,12,34,43,976,0,5,4,1,101,4,123,35,143,152,2,173,1,1,1,1
2,12,32,40,7472,0,1,1,0,101,2,121,24,143,151,1,171,1,1,1,1
1,36,32,40,9271,1,4,2,1,101,1,123,24,143,152,1,173,1,2,1,2
2,6,32,43,590,1,2,3,1,101,3,121,26,143,152,1,172,1,1,2,1
0,12,34,43,930,0,5,4,1,101,4,121,65,143,152,4,173,1,1,1,1
2,42,31,41,9283,1,1,1,1,101,2,124,55,141,153,1,174,1,2,1,1
2,15,30,40,1778,1,2,2,0,101,1,121,26,143,151,2,171,1,1,1,2
2,8,32,49,907,1,2,3,1,101,2,121,26,143,152,1,173,1,2,1,1
2,6,32,43,484,1,4,3,1,103,3,121,28,141,152,1,172,1,1,1,1
1,36,34,41,9629,1,4,4,1,101,4,123,24,143,152,2,173,1,2,1,2
1,48,32,44,3051,1,3,3,1,101,4,123,54,143,152,1,173,1,1,1,2
1,48,32,40,3931,1,4,4,1,101,4,124,46,143,153,1,173,2,1,1,2
2,36,33,40,7432,1,3,2,0,101,2,122,54,143,151,1,173,1,1,1,1
0,6,32,44,1338,3,3,1,1,101,4,121,62,143,152,1,173,1,1,1,1
0,6,34,43,1554,1,4,1,0,101,2,123,24,143,151,2,173,1,2,1,1
1,36,32,410,15857,1,1,2,1,102,3,123,43,143,152,1,174,1,1,1,1
1,18,32,43,1345,1,3,4,1,101,3,121,26,141,152,1,173,1,1,1,2
0,12,32,40,1101,1,3,3,1,101,2,121,27,143,152,2,173,1,2,1,1
3,12,32,43,3016,1,3,3,1,101,1,123,24,143,152,1,173,1,1,1,1
1,36,32,42,2712,1,5,2,1,101,2,122,41,141,152,1,173,2,1,1,2
1,8,34,40,731,1,5,4,1,101,4,121,47,143,152,2,172,1,1,1,1
0,18,34,42,3780,1,2,3,1,101,2,123,35,143,152,2,174,1,2,1,1
1,21,34,40,1602,1,5,4,1,101,3,123,30,143,152,2,173,1,2,1,1
1,18,34,40,3966,1,5,1,0,101,4,121,33,141,151,3,173,1,2,1,2
0,18,30,49,4165,1,3,2,1,101,2,123,36,142,152,2,173,2,1,1,2
1,36,32,41,8335,0,5,3,1,101,4,124,47,143,153,1,173,1,1,1,2
2,48,33,49,6681,0,3,4,1,101,4,124,38,143,153,1,173,2,2,1,1
0,24,33,49,2375,3,3,4,1,101,2,123,44,143,152,2,173,2,2,1,1
1,18,32,40,1216,1,2,4,0,101,3,123,23,143,151,1,173,1,2,1,2
1,45,30,49,11816,1,5,2,1,101,4,123,29,143,151,2,173,1,1,1,2
2,24,32,43,5084,0,5,2,0,101,4,123,42,143,152,1,173,1,2,1,1
3,15,32,43,2327,1,2,2,0,101,3,121,25,143,152,1,172,1,1,1,2
1,12,30,40,1082,1,3,4,1,101,4,123,48,141,152,2,173,1,1,1,2
0,12,32,43,886,0,3,4,0,101,2,123,21,143,152,1,173,1,1,1,1
0,4,32,42,601,1,2,1,0,101,3,121,23,143,151,1,172,2,1,1,1
1,24,34,41,2957,1,5,4,1,101,4,122,63,143,152,2,173,1,2,1,1
0,24,34,43,2611,1,5,4,1,102,3,121,46,143,152,2,173,1,1,1,1
1,36,32,42,5179,1,4,4,1,101,2,122,29,143,152,1,173,1,1,1,2
0,21,33,41,2993,1,3,3,1,101,2,121,28,142,152,2,172,1,1,1,1
0,18,32,45,1943,1,2,4,0,101,4,121,23,143,152,1,173,1,1,1,2
0,24,31,49,1559,1,4,4,1,101,4,123,50,141,152,1,173,1,2,1,1
0,18,32,42,3422,1,5,4,1,101,4,122,47,141,152,3,173,2,2,1,1
2,21,32,42,3976,0,4,2,1,101,3,123,35,143,152,1,173,1,2,1,1
0,18,32,40,6761,0,3,2,1,101,4,123,68,143,151,2,173,1,1,1,2
0,24,32,40,1249,1,2,4,1,101,2,121,28,143,152,1,173,1,1,1,1
1,9,32,43,1364,1,4,3,1,101,4,121,59,143,152,1,173,1,1,1,1
1,12,32,43,709,1,5,4,1,101,4,121,57,142,152,1,172,1,1,1,2
1,20,34,40,2235,1,3,4,1,103,2,122,33,141,151,2,173,1,1,2,2
0,24,34,41,4042,0,4,3,1,101,4,122,43,143,152,2,173,1,2,1,1
0,15,34,43,1471,1,3,4,1,101,4,124,35,143,153,2,173,1,2,1,1
1,18,31,40,1442,1,4,4,1,101,4,124,32,143,153,2,172,2,1,1,2
0,36,33,40,10875,1,5,2,1,101,2,123,45,143,152,2,173,2,2,1,1
0,24,32,40,1474,2,2,4,1,101,3,121,33,143,152,1,173,1,2,1,1
0,10,32,48,894,0,4,4,0,101,3,122,40,143,152,1,173,1,2,1,1
0,15,34,42,3343,1,3,4,1,101,2,124,28,143,153,1,173,1,2,1,1
1,15,32,40,3959,1,3,3,0,101,2,122,29,143,152,1,173,1,2,1,2
0,9,32,40,3577,2,3,1,1,103,2,121,26,143,151,1,173,2,1,2,1
0,24,34,41,5804,4,3,4,1,101,2,121,27,143,152,2,173,1,1,1,1
0,18,33,49,2169,1,3,4,1,101,2,123,28,143,152,1,173,1,2,1,2
1,24,32,43,2439,1,2,4,0,101,4,121,35,143,152,1,173,1,2,1,2
0,27,34,42,4526,4,2,4,1,101,2,121,32,142,152,2,172,2,2,1,1
0,10,32,42,2210,1,3,2,1,101,2,121,25,141,151,1,172,1,1,1,2
0,15,32,42,2221,3,3,2,0,101,4,123,20,143,151,1,173,1,1,1,1
1,18,32,43,2389,1,2,4,0,101,1,123,27,142,152,1,173,1,1,1,1
0,12,34,42,3331,1,5,2,1,101,4,122,42,142,152,1,173,1,1,1,1
0,36,32,49,7409,0,5,3,1,101,2,122,37,143,152,2,173,1,1,1,1
1,12,32,42,652,1,5,4,0,101,4,122,24,143,151,1,173,1,1,1,1
0,36,33,42,7678,3,4,2,0,101,4,123,40,143,152,2,173,1,2,1,1
3,6,34,40,1343,1,5,1,1,101,4,121,46,143,152,2,173,2,1,2,1
1,24,34,49,1382,2,4,4,1,101,1,121,26,143,152,2,173,1,2,1,1
0,15,32,44,874,0,2,4,0,101,1,121,24,143,152,1,173,1,1,1,1
1,12,32,42,3590,1,3,2,1,102,2,122,29,143,152,1,172,2,1,1,1
2,11,34,40,1322,4,3,4,0,101,4,123,40,143,152,2,173,1,1,1,1
1,18,31,43,1940,1,2,3,1,102,4,124,36,141,153,1,174,1,2,1,1
0,36,32,43,3595,1,5,4,1,101,2,123,28,143,152,1,173,1,1,1,1
1,9,32,40,1422,1,2,3,1,101,2,124,27,143,153,1,174,1,2,1,2
0,30,34,43,6742,0,4,2,1,101,3,122,36,143,152,2,173,1,1,1,1
0,24,32,41,7814,1,4,3,1,101,3,123,38,143,152,1,174,1,2,1,1
0,24,32,41,9277,0,3,2,1,101,4,124,48,143,153,1,173,1,2,1,1
2,30,34,40,2181,0,5,4,1,101,4,121,36,143,152,2,173,1,1,1,1
0,18,34,43,1098,1,1,4,0,101,4,123,65,143,152,2,171,1,1,1,1
2,24,32,42,4057,1,4,3,1,101,3,123,43,143,152,1,173,1,2,1,2
1,12,32,46,795,1,2,4,0,101,4,122,53,143,152,1,173,1,1,1,2
2,24,34,49,2825,0,4,4,1,101,3,124,34,143,152,2,173,2,2,1,1
2,48,32,49,15672,1,3,2,1,101,2,123,23,143,152,1,173,1,2,1,2
0,36,34,40,6614,1,5,4,1,101,4,123,34,143,152,2,174,1,2,1,1
0,28,31,41,7824,0,2,3,1,103,4,121,40,141,151,2,173,2,2,1,1
1,27,34,49,2442,1,5,4,1,101,4,123,43,142,152,4,174,2,2,1,1
0,15,34,43,1829,1,5,4,1,101,4,123,46,143,152,2,173,1,2,1,1
1,12,34,40,2171,1,3,4,1,101,4,122,38,141,152,2,172,1,1,2,1
2,36,34,41,5800,1,3,3,1,101,4,123,34,143,152,2,173,1,2,1,1
0,18,34,43,1169,0,3,4,1,101,3,122,29,143,152,2,173,1,2,1,1
0,36,33,41,8947,0,4,3,1,101,2,123,31,142,152,1,174,2,2,1,1
1,21,32,43,2606,1,2,4,0,101,4,122,28,143,151,1,174,1,2,1,1
0,12,34,42,1592,4,4,3,0,101,2,122,35,143,152,1,173,1,1,2,1
0,15,32,42,2186,0,4,1,0,101,4,121,33,141,151,1,172,1,1,1,1
1,18,32,42,4153,1,3,2,1,102,3,123,42,143,152,1,173,1,1,1,2
1,16,34,40,2625,1,5,2,1,103,4,122,43,141,151,1,173,1,2,1,2
0,20,34,40,3485,0,2,2,1,101,4,121,44,143,152,2,173,1,2,1,1
0,36,34,41,10477,0,5,2,1,101,4,124,42,143,153,2,173,1,1,1,1
0,15,32,43,1386,0,3,4,1,101,2,121,40,143,151,1,173,1,2,1,1
0,24,32,43,1278,1,5,4,1,101,1,121,36,143,152,1,174,1,2,1,1
1,12,32,43,1107,1,3,2,1,101,2,121,20,143,151,1,174,2,2,1,1
1,21,32,40,3763,0,4,2,1,102,2,121,24,143,152,1,172,1,1,2,1
2,36,32,46,3711,0,3,2,1,101,2,123,27,143,152,1,173,1,1,1,1
0,15,33,41,3594,1,2,1,0,101,2,122,46,143,152,2,172,1,1,1,1
2,9,32,40,3195,0,3,1,0,101,2,121,33,143,152,1,172,1,1,1,1
0,36,33,43,4454,1,3,4,0,101,4,121,34,143,152,2,173,1,1,1,1
2,24,34,42,4736,1,2,2,0,101,4,123,25,141,152,1,172,1,1,1,2
2,30,32,43,2991,0,5,2,0,101,4,123,25,143,152,1,173,1,1,1,1
0,11,32,49,2142,4,5,1,1,101,2,121,28,143,152,1,173,1,2,1,1
1,24,31,49,3161,1,3,4,1,101,2,122,31,143,151,1,173,1,2,1,2
2,48,30,410,18424,1,3,1,0,101,2,122,32,141,152,1,174,1,2,2,2
0,10,32,41,2848,2,3,1,1,102,2,121,32,143,152,1,173,2,1,1,1
1,6,32,40,14896,1,5,1,1,101,4,124,68,141,152,1,174,1,2,1,2
1,24,32,42,2359,2,1,1,1,101,1,122,33,143,152,1,173,1,1,1,2
1,24,32,42,3345,1,5,4,1,101,2,122,39,143,151,1,174,1,2,1,2
0,18,34,42,1817,1,3,4,0,101,2,124,28,143,152,2,173,1,1,1,1
0,48,33,43,12749,3,4,4,1,101,1,123,37,143,152,1,174,1,2,1,1
1,9,32,43,1366,1,2,3,0,101,4,122,22,143,151,1,173,1,1,1,2
2,12,32,40,2002,1,4,3,1,101,4,122,30,143,151,1,173,2,2,1,1
1,24,31,42,6872,1,2,2,1,101,1,122,55,141,152,1,173,1,2,1,2
1,12,31,40,697,1,2,4,1,101,2,123,46,141,152,2,173,1,2,1,2
1,18,34,42,1049,1,2,4,0,101,4,122,21,143,151,1,173,1,1,1,1
1,48,32,41,10297,1,4,4,1,101,4,124,39,142,153,3,173,2,2,1,2
0,30,32,43,1867,0,5,4,1,101,4,123,58,143,152,1,173,1,2,1,1
1,12,33,40,1344,1,3,4,1,101,2,121,43,143,152,2,172,2,1,1,1
1,24,32,42,1747,1,2,4,1,102,1,122,24,143,152,1,172,1,1,2,1
2,9,32,43,1670,1,2,4,0,101,2,123,22,143,152,1,173,1,2,1,2
0,9,34,40,1224,1,3,3,1,101,1,121,30,143,152,2,173,1,1,1,1
0,12,34,43,522,3,5,4,1,101,4,122,42,143,152,2,173,2,2,1,1
1,12,32,43,1498,1,3,4,0,101,1,123,23,141,152,1,173,1,1,1,1
2,30,33,43,1919,2,2,4,1,101,3,124,30,142,152,2,174,1,1,1,2
3,9,32,43,745,1,3,3,0,101,2,121,28,143,152,1,172,1,1,1,2
2,6,32,43,2063,1,2,4,1,101,3,123,30,143,151,1,174,1,2,1,1
2,60,32,46,6288,1,3,4,1,101,4,124,42,143,153,1,173,1,1,1,2
0,24,34,41,6842,0,3,2,1,101,4,122,46,143,152,2,174,2,2,1,1
0,12,32,40,3527,0,2,2,1,101,3,122,45,143,152,1,174,2,2,1,1
0,10,32,40,1546,1,3,3,1,101,2,121,31,143,152,1,172,2,1,2,1
0,24,32,42,929,0,4,4,1,101,2,123,31,142,152,1,173,1,2,1,1
0,4,34,40,1455,1,4,2,1,101,1,121,42,143,152,3,172,2,1,1,1
1,15,32,42,1845,1,2,4,0,103,1,122,46,143,151,1,173,1,1,1,1
2,48,30,40,8358,3,2,1,0,101,1,123,30,143,152,2,173,1,1,1,1
1,24,31,42,3349,3,2,4,1,101,4,124,30,143,153,1,173,2,2,1,2
0,12,32,40,2859,0,1,4,1,101,4,124,38,143,152,1,174,1,2,1,1
0,18,32,42,1533,1,2,4,1,102,1,122,43,143,152,1,172,2,1,1,2
0,24,32,43,3621,2,5,2,1,101,4,123,31,143,152,2,173,1,1,1,2
2,18,34,49,3590,1,1,3,1,101,3,123,40,143,152,3,171,2,2,1,1
1,36,33,49,2145,1,4,2,1,101,1,123,24,143,152,2,173,1,2,1,2
2,24,32,41,4113,3,2,3,0,101,4,123,28,143,151,1,173,1,1,1,2
0,36,32,42,10974,1,1,4,0,101,2,123,26,143,152,2,174,1,2,1,2
1,12,32,40,1893,1,3,4,0,103,4,122,29,143,152,1,173,1,2,1,1
1,24,34,43,1231,4,5,4,0,101,4,122,57,143,151,2,174,1,2,1,1
3,30,34,43,3656,0,5,4,1,101,4,122,49,142,152,2,172,1,1,1,1
2,9,34,43,1154,1,5,2,1,101,4,121,37,143,152,3,172,1,1,1,1
1,28,32,40,4006,1,3,3,1,101,2,123,45,143,152,1,172,1,1,1,2
2,24,32,42,3069,2,5,4,1,101,4,124,30,143,153,1,173,1,1,1,1
0,6,34,43,1740,1,5,2,1,101,2,121,30,143,151,2,173,1,1,1,1
2,21,33,40,2353,1,3,1,1,101,4,122,47,143,152,2,173,1,1,1,1
0,15,32,40,3556,0,3,3,1,101,2,124,29,143,152,1,173,1,1,1,1
0,24,32,43,2397,3,5,3,1,101,2,123,35,141,152,2,173,1,2,1,2
2,6,32,45,454,1,2,3,1,101,1,122,22,143,152,1,172,1,1,1,1
2,30,32,43,1715,0,3,4,0,101,1,123,26,143,152,1,173,1,1,1,1
2,27,34,43,2520,3,3,4,1,101,2,122,23,143,152,2,172,1,1,1,2
0,15,32,43,3568,1,5,4,0,101,2,123,54,141,151,1,174,1,2,1,1
0,42,32,43,7166,0,4,2,1,101,4,122,29,143,151,1,173,1,2,1,1
1,11,34,40,3939,1,3,1,1,101,2,121,40,143,152,2,172,2,1,1,1
2,15,32,45,1514,2,3,4,1,103,2,121,22,143,152,1,173,1,1,1,1
0,24,32,40,7393,1,3,1,1,101,4,122,43,143,152,1,172,2,1,1,1
1,24,31,40,1193,1,1,1,0,102,4,124,29,143,151,2,171,1,1,1,2
1,60,32,49,7297,1,5,4,1,102,4,124,36,143,151,1,173,1,1,1,2
0,30,34,43,2831,1,3,4,0,101,2,123,33,143,152,1,173,1,2,1,1
3,24,32,43,1258,3,3,3,0,101,3,123,57,143,152,1,172,1,1,1,1
2,6,32,43,753,1,3,2,0,103,3,121,64,143,152,1,173,1,1,1,1
2,18,33,49,2427,0,5,4,1,101,2,122,42,143,152,2,173,1,1,1,1
0,24,33,40,2538,1,5,4,1,101,4,123,47,143,152,2,172,2,1,1,2
2,15,31,40,1264,2,3,2,1,101,2,122,25,143,151,1,173,1,1,1,2
2,30,34,42,8386,1,4,2,1,101,2,122,49,143,152,1,173,1,1,1,2
0,48,32,49,4844,1,1,3,1,101,2,123,33,141,151,1,174,1,2,1,2
3,21,32,40,2923,2,3,1,0,101,1,123,28,141,152,1,174,1,2,1,1
1,36,32,41,8229,1,3,2,1,101,2,122,26,143,152,1,173,2,1,1,2
0,24,34,42,2028,1,4,2,1,101,2,122,30,143,152,2,172,1,1,1,1
1,15,34,42,1433,1,3,4,0,101,3,122,25,143,151,2,173,1,1,1,1
3,42,30,49,6289,1,2,2,1,101,1,122,33,143,152,2,173,1,1,1,1
0,13,32,43,1409,2,1,2,0,101,4,121,64,143,152,1,173,1,1,1,1
1,24,32,41,6579,1,1,4,1,101,2,124,29,143,153,1,174,1,2,1,1
2,24,34,43,1743,1,5,4,1,101,2,122,48,143,152,2,172,1,1,1,1
0,12,34,46,3565,0,2,2,1,101,1,122,37,143,152,2,172,2,1,1,1
0,15,31,43,1569,2,5,4,1,101,4,123,34,141,152,1,172,2,1,1,1
1,18,32,43,1936,0,4,2,1,101,4,123,23,143,151,2,172,1,1,1,1
1,36,32,42,3959,1,1,4,1,101,3,122,30,143,152,1,174,1,2,1,1
0,12,32,40,2390,0,5,4,1,101,3,123,50,143,152,1,173,1,2,1,1
0,12,32,42,1736,1,4,3,0,101,4,121,31,143,152,1,172,1,1,1,1
1,30,32,41,3857,1,3,4,1,101,4,122,40,143,152,1,174,1,2,1,1
0,12,32,43,804,1,5,4,1,101,4,123,38,143,152,1,173,1,1,1,1
1,45,32,43,1845,1,3,4,1,101,4,124,23,143,153,1,173,1,2,1,2
2,45,34,41,4576,2,1,3,1,101,4,123,27,143,152,1,173,1,1,1,1
