Model-count,Dataperm,H1Units,H2Units,Batch,Train_acc,Test_acc,Class0_FPR,Class0_FNR,Class0_Pos,Class1_FPR,Class1_FNR,Class1_Pos,Removal-percentage,Points-Removed,Discrimination-points,Discm_percent
96,8,16,8,512,0.993421052631579,0.52,0.23018867924528302,0.7218225419664268,0.2595307917888563,0.4440789473684211,0.3353658536585366,0.5213675213675214,0.696,3480,14,0.0022764227642276423
67,5,24,12,1048,0.9936305732484076,0.5252173913043479,0.2828282828282828,0.6803874092009685,0.30422535211267604,0.4339622641509434,0.37714285714285717,0.509090909090909,0.686,3430,13,0.002113821138211382
130,10,32,12,512,0.9936170212765958,0.5226086956521739,0.24482758620689654,0.744,0.2511278195488722,0.4169381107491857,0.398876404494382,0.4845360824742268,0.718,3590,9,0.0014634146341463415
10,0,32,12,512,0.9915662650602409,0.5156521739130435,0.26258992805755393,0.7153465346534653,0.2756598240469208,0.4386503067484663,0.36619718309859156,0.49786324786324787,0.668,3340,12,0.001951219512195122
18,1,24,12,512,0.9942028985507246,0.5260869565217391,0.22483221476510068,0.7209876543209877,0.25604551920341395,0.4169611307420495,0.4146341463414634,0.47874720357941836,0.724,3620,15,0.0024390243902439024
226,18,32,12,512,0.9917721518987341,0.5530434782608695,0.21611721611721613,0.7186700767263428,0.2545180722891566,0.3610223642172524,0.35260115606936415,0.46296296296296297,0.684,3420,11,0.0017886178861788618
198,16,24,12,512,0.9945945945945946,0.5304347826086957,0.29153605015673983,0.680628272251309,0.3067047075606277,0.431438127090301,0.38666666666666666,0.4922048997772829,0.704,3520,18,0.002926829268292683
24,2,16,8,512,0.7681720430107527,0.6991304347826087,0.47017543859649125,0.2171837708830549,0.65625,0.27208480565371024,0.26993865030674846,0.43946188340807174,0.07,350,6,0.000975609756097561
120,10,16,8,512,0.7894505494505495,0.7104347826086956,0.46551724137931033,0.2,0.6541353383458647,0.2280130293159609,0.29775280898876405,0.4020618556701031,0.09,450,6,0.000975609756097561
202,16,32,12,512,0.9950704225352113,0.5321739130434783,0.2852664576802508,0.680628272251309,0.30385164051355207,0.431438127090301,0.38666666666666666,0.4922048997772829,0.716,3580,18,0.002926829268292683
30,2,24,12,512,0.9946308724832215,0.5147826086956522,0.2631578947368421,0.7422434367541766,0.2599431818181818,0.4134275618374558,0.3374233128834356,0.5044843049327354,0.702,3510,11,0.0017886178861788618
150,12,24,12,512,0.994,0.5408695652173913,0.2638888888888889,0.7230392156862745,0.27155172413793105,0.3493150684931507,0.3395061728395062,0.460352422907489,0.7,3500,12,0.001951219512195122
154,12,32,12,512,0.9929936305732484,0.542608695652174,0.2673611111111111,0.7156862745098039,0.27729885057471265,0.3561643835616438,0.3271604938271605,0.46916299559471364,0.686,3430,13,0.002113821138211382
238,19,32,12,512,0.9947019867549669,0.5008695652173913,0.26480836236933797,0.7751196172248804,0.24113475177304963,0.3978102189781022,0.38011695906432746,0.48314606741573035,0.698,3490,12,0.001951219512195122
12,1,16,8,512,0.9937931034482759,0.5234782608695652,0.2348993288590604,0.7209876543209877,0.2603129445234708,0.4169611307420495,0.4146341463414634,0.47874720357941836,0.71,3550,15,0.0024390243902439024
8,0,32,8,512,0.7643776824034335,0.7017391304347826,0.5035971223021583,0.18564356435643564,0.6876832844574781,0.3067484662576687,0.19718309859154928,0.45726495726495725,0.068,340,0,0.0
177,14,32,8,1048,0.9930555555555556,0.5452173913043479,0.21352313167259787,0.6989795918367347,0.26448736998514116,0.3987138263665595,0.39156626506024095,0.4716981132075472,0.712,3560,24,0.003902439024390244
79,6,24,12,1048,0.7863436123348018,0.7130434782608696,0.46779661016949153,0.1994750656167979,0.6553254437869822,0.2150170648464164,0.292817679558011,0.4029535864978903,0.092,460,3,0.0004878048780487805
166,13,32,12,512,0.9943262411347518,0.5139130434782608,0.25680933852140075,0.7176470588235294,0.2727272727272727,0.4217252396166134,0.36129032258064514,0.4935897435897436,0.718,3590,12,0.001951219512195122
175,14,24,12,1048,0.9937062937062937,0.5478260869565217,0.20640569395017794,0.7066326530612245,0.25705794947994054,0.3858520900321543,0.39156626506024095,0.46331236897274636,0.714,3570,21,0.0034146341463414634
99,8,16,12,1048,0.9928994082840237,0.5226086956521739,0.2339622641509434,0.7218225419664268,0.26099706744868034,0.42105263157894735,0.35365853658536583,0.5,0.662,3310,14,0.0022764227642276423
210,17,24,12,512,0.9938356164383562,0.5139130434782608,0.21554770318021202,0.75,0.23597122302158274,0.43050847457627117,0.3875,0.4945054945054945,0.708,3540,13,0.002113821138211382
86,7,16,12,512,0.9940397350993377,0.5365217391304348,0.2640845070422535,0.6812339331619537,0.29569093610698366,0.4230769230769231,0.3696969696969697,0.4947589098532495,0.698,3490,17,0.0027642276422764228
204,17,16,8,512,0.9931506849315068,0.5130434782608696,0.22968197879858657,0.7402912621359223,0.2474820143884892,0.43389830508474575,0.3875,0.4967032967032967,0.708,3540,14,0.0022764227642276423
16,1,24,8,512,0.9934782608695653,0.5260869565217391,0.24161073825503357,0.7061728395061728,0.2716927453769559,0.4275618374558304,0.4024390243902439,0.4899328859060403,0.724,3620,15,0.0024390243902439024
223,18,24,12,1048,0.9923566878980892,0.5530434782608695,0.21245421245421245,0.7161125319693095,0.2545180722891566,0.3546325878594249,0.37572254335260113,0.4506172839506173,0.686,3430,9,0.0014634146341463415
196,16,24,8,512,0.9944055944055944,0.528695652173913,0.2884012539184953,0.6858638743455497,0.3024251069900143,0.43478260869565216,0.38666666666666666,0.49443207126948774,0.714,3570,18,0.002926829268292683
23,1,32,12,1048,0.9938775510204082,0.5243478260869565,0.23154362416107382,0.7234567901234568,0.2574679943100996,0.4275618374558304,0.3902439024390244,0.49440715883668906,0.706,3530,20,0.0032520325203252032
112,9,24,8,512,0.9929577464788732,0.5330434782608696,0.22525597269624573,0.7314148681055156,0.2507042253521127,0.39322033898305087,0.3448275862068966,0.47954545454545455,0.716,3580,16,0.0026016260162601626
52,4,24,8,512,0.9936619718309859,0.5373913043478261,0.22419928825622776,0.7381546134663342,0.24633431085043989,0.38283828382838286,0.34545454545454546,0.47863247863247865,0.716,3580,11,0.0017886178861788618
110,9,16,12,512,0.7696312364425163,0.7347826086956522,0.4402730375426621,0.15827338129496402,0.676056338028169,0.23389830508474577,0.2827586206896552,0.3931818181818182,0.078,390,13,0.002113821138211382
176,14,32,8,512,0.9931297709923664,0.5434782608695652,0.20640569395017794,0.7091836734693877,0.2555720653789004,0.3954983922829582,0.39759036144578314,0.46750524109014674,0.738,3690,17,0.0027642276422764228
163,13,24,12,1048,0.9950704225352113,0.5156521739130435,0.25680933852140075,0.7223529411764706,0.2697947214076246,0.4057507987220447,0.36774193548387096,0.4807692307692308,0.716,3580,12,0.001951219512195122
209,17,24,8,1048,0.9937931034482759,0.5113043478260869,0.21554770318021202,0.7572815533980582,0.2316546762589928,0.43050847457627117,0.3875,0.4945054945054945,0.71,3550,13,0.002113821138211382
151,12,24,12,1048,0.9931297709923664,0.5313043478260869,0.2569444444444444,0.7426470588235294,0.257183908045977,0.3732876712328767,0.3271604938271605,0.4801762114537445,0.738,3690,11,0.0017886178861788618
140,11,32,8,512,0.9940789473684211,0.5321739130434783,0.2711267605633803,0.6903553299492385,0.2935103244837758,0.4375,0.3333333333333333,0.5190677966101694,0.696,3480,12,0.001951219512195122
236,19,32,8,512,0.9931972789115646,0.5043478260869565,0.2682926829268293,0.7679425837320574,0.24680851063829787,0.40145985401459855,0.36257309941520466,0.49213483146067416,0.706,3530,12,0.001951219512195122
170,14,16,12,512,0.9931972789115646,0.5452173913043479,0.2206405693950178,0.6989795918367347,0.2674591381872214,0.3858520900321543,0.4036144578313253,0.4591194968553459,0.706,3530,19,0.003089430894308943
121,10,16,8,1048,0.9931297709923664,0.5217391304347826,0.2482758620689655,0.744,0.25263157894736843,0.42671009771986973,0.38202247191011235,0.49690721649484537,0.738,3690,10,0.0016260162601626016
14,1,16,12,512,0.9947368421052631,0.52,0.22818791946308725,0.7283950617283951,0.2532005689900427,0.4275618374558304,0.4146341463414634,0.4854586129753915,0.734,3670,15,0.0024390243902439024
230,19,16,12,512,0.9944099378881988,0.5026086956521739,0.28222996515679444,0.7607655502392344,0.25673758865248225,0.40145985401459855,0.3684210526315789,0.4898876404494382,0.678,3390,12,0.001951219512195122
139,11,24,12,1048,0.99375,0.5313043478260869,0.2852112676056338,0.6802030456852792,0.3053097345132743,0.4473684210526316,0.32142857142857145,0.5296610169491526,0.712,3560,11,0.0017886178861788618
136,11,24,8,512,0.7730603448275862,0.7026086956521739,0.49295774647887325,0.17766497461928935,0.6843657817109144,0.2993421052631579,0.24404761904761904,0.461864406779661,0.072,360,7,0.0011382113821138211
201,16,32,8,1048,0.7764069264069264,0.7008695652173913,0.47335423197492166,0.1806282722513089,0.6619115549215406,0.2909698996655518,0.24666666666666667,0.44543429844098,0.076,380,4,0.0006504065040650406
152,12,32,8,512,0.9929936305732484,0.542608695652174,0.2673611111111111,0.7132352941176471,0.27873563218390807,0.3595890410958904,0.3271604938271605,0.4713656387665198,0.686,3430,13,0.002113821138211382
70,5,32,12,512,0.99375,0.5217391304347826,0.2727272727272727,0.7021791767554479,0.28732394366197184,0.4226415094339623,0.38285714285714284,0.5,0.712,3560,12,0.001951219512195122
135,11,16,12,1048,0.9931506849315068,0.528695652173913,0.2887323943661972,0.682741116751269,0.3053097345132743,0.4506578947368421,0.32142857142857145,0.5317796610169492,0.708,3540,11,0.0017886178861788618
31,2,24,12,1048,0.9941605839416059,0.5121739130434783,0.2596491228070175,0.7541766109785203,0.25142045454545453,0.4098939929328622,0.3374233128834356,0.5022421524663677,0.726,3630,10,0.0016260162601626016
159,13,16,12,1048,0.9929577464788732,0.5139130434782608,0.25680933852140075,0.7129411764705882,0.2756598240469208,0.4281150159744409,0.36129032258064514,0.49786324786324787,0.716,3580,12,0.001951219512195122
203,16,32,12,1048,0.99375,0.5304347826086957,0.2884012539184953,0.6832460732984293,0.30385164051355207,0.4280936454849498,0.3933333333333333,0.48775055679287305,0.68,3400,17,0.0027642276422764228
158,13,16,12,512,0.9942028985507246,0.5156521739130435,0.2529182879377432,0.72,0.2697947214076246,0.4217252396166134,0.34838709677419355,0.49786324786324787,0.724,3620,12,0.001951219512195122
32,2,32,8,512,0.9946308724832215,0.5147826086956522,0.26666666666666666,0.7398568019093079,0.2627840909090909,0.4134275618374558,0.3374233128834356,0.5044843049327354,0.702,3510,11,0.0017886178861788618
224,18,32,8,512,0.9917721518987341,0.551304347826087,0.21978021978021978,0.7161125319693095,0.2575301204819277,0.36741214057507987,0.35260115606936415,0.4670781893004115,0.684,3420,11,0.0017886178861788618
34,2,32,12,512,0.9941176470588236,0.5147826086956522,0.2631578947368421,0.7422434367541766,0.2599431818181818,0.4134275618374558,0.3374233128834356,0.5044843049327354,0.694,3470,11,0.0017886178861788618
29,2,24,8,1048,0.9942028985507246,0.5147826086956522,0.26666666666666666,0.7398568019093079,0.2627840909090909,0.4134275618374558,0.3374233128834356,0.5044843049327354,0.724,3620,10,0.0016260162601626016
192,16,16,8,512,0.9948148148148148,0.5304347826086957,0.2884012539184953,0.6832460732984293,0.30385164051355207,0.431438127090301,0.38666666666666666,0.4922048997772829,0.73,3650,18,0.002926829268292683
71,5,32,12,1048,0.9936305732484076,0.5260869565217391,0.2760942760942761,0.6876513317191283,0.2971830985915493,0.4188679245283019,0.38857142857142857,0.4954545454545455,0.686,3430,15,0.0024390243902439024
61,5,16,8,1048,0.9934640522875817,0.5278260869565218,0.27946127946127947,0.6828087167070218,0.30140845070422534,0.4188679245283019,0.38285714285714284,0.49772727272727274,0.694,3470,13,0.002113821138211382
239,19,32,12,1048,0.9921212121212121,0.5069565217391304,0.2613240418118467,0.7631578947368421,0.24680851063829787,0.38686131386861317,0.391812865497076,0.47191011235955055,0.67,3350,9,0.0014634146341463415
122,10,16,12,512,0.9928571428571429,0.52,0.2655172413793103,0.7333333333333333,0.2661654135338346,0.42671009771986973,0.38764044943820225,0.4948453608247423,0.72,3600,9,0.0014634146341463415
39,3,16,12,1048,0.9933333333333333,0.5043478260869565,0.2623574144486692,0.7580246913580246,0.25,0.42586750788643535,0.3575757575757576,0.5,0.73,3650,13,0.002113821138211382
142,11,32,12,512,0.7837310195227766,0.7086956521739131,0.4823943661971831,0.18781725888324874,0.6740412979351033,0.2532894736842105,0.27976190476190477,0.4194915254237288,0.078,390,7,0.0011382113821138211
92,7,32,8,512,0.7770562770562771,0.7052173913043478,0.4823943661971831,0.18766066838046272,0.6731054977711739,0.27564102564102566,0.2606060606060606,0.4360587002096436,0.076,380,6,0.000975609756097561
72,6,16,8,512,0.9945205479452055,0.5321739130434783,0.27796610169491526,0.7217847769028871,0.2781065088757396,0.378839590443686,0.3867403314917127,0.46835443037974683,0.708,3540,9,0.0014634146341463415
62,5,16,12,512,0.9936170212765958,0.5269565217391304,0.2760942760942761,0.6876513317191283,0.2971830985915493,0.4226415094339623,0.37714285714285717,0.5022727272727273,0.718,3590,12,0.001951219512195122
162,13,24,12,512,0.9946666666666667,0.5182608695652174,0.2529182879377432,0.72,0.2697947214076246,0.4057507987220447,0.36129032258064514,0.4829059829059829,0.7,3500,13,0.002113821138211382
206,17,16,12,512,0.9942857142857143,0.5121739130434783,0.21554770318021202,0.7524271844660194,0.23453237410071942,0.43389830508474575,0.3875,0.4967032967032967,0.72,3600,13,0.002113821138211382
146,12,16,12,512,0.994,0.5391304347826087,0.2638888888888889,0.7279411764705882,0.2686781609195402,0.3493150684931507,0.3395061728395062,0.460352422907489,0.7,3500,12,0.001951219512195122
144,12,16,8,512,0.9942675159235669,0.5373913043478261,0.2708333333333333,0.7205882352941176,0.27586206896551724,0.363013698630137,0.3333333333333333,0.4713656387665198,0.686,3430,13,0.002113821138211382
145,12,16,8,1048,0.7775109170305677,0.74,0.4583333333333333,0.18137254901960784,0.6695402298850575,0.20205479452054795,0.20987654320987653,0.4118942731277533,0.084,420,9,0.0014634146341463415
50,4,16,12,512,0.9943661971830986,0.5347826086956522,0.2206405693950178,0.7481296758104738,0.23900293255131966,0.37623762376237624,0.3575757575757576,0.4700854700854701,0.716,3580,10,0.0016260162601626016
235,19,24,12,1048,0.99079754601227,0.5043478260869565,0.27177700348432055,0.7607655502392344,0.2524822695035461,0.40145985401459855,0.3742690058479532,0.48764044943820223,0.674,3370,10,0.0016260162601626016
109,9,16,8,1048,0.7702819956616052,0.7339130434782609,0.4402730375426621,0.1606714628297362,0.6746478873239437,0.23389830508474577,0.2827586206896552,0.3931818181818182,0.078,390,8,0.0013008130081300813
33,2,32,8,1048,0.9944055944055944,0.5130434782608696,0.256140350877193,0.7541766109785203,0.25,0.4098939929328622,0.3374233128834356,0.5022421524663677,0.714,3570,10,0.0016260162601626016
222,18,24,12,512,0.9920245398773007,0.5495652173913044,0.23443223443223443,0.710997442455243,0.26656626506024095,0.36421725239616615,0.3583815028901734,0.46296296296296297,0.674,3370,10,0.0016260162601626016
11,0,32,12,1048,0.9913294797687862,0.5139130434782608,0.26258992805755393,0.7128712871287128,0.27712609970674484,0.44785276073619634,0.36619718309859156,0.5042735042735043,0.654,3270,12,0.001951219512195122
77,6,24,8,1048,0.9905660377358491,0.5347826086956522,0.29491525423728815,0.7086614173228346,0.29289940828402367,0.378839590443686,0.3701657458563536,0.47468354430379744,0.682,3410,8,0.0013008130081300813
13,1,16,8,1048,0.9930555555555556,0.5260869565217391,0.2348993288590604,0.7111111111111111,0.26600284495021337,0.4381625441696113,0.38414634146341464,0.5033557046979866,0.712,3560,21,0.0034146341463414634
126,10,24,12,512,0.9936170212765958,0.5217391304347826,0.25517241379310346,0.736,0.26015037593984963,0.42671009771986973,0.38764044943820225,0.4948453608247423,0.718,3590,9,0.0014634146341463415
220,18,24,8,512,0.9939393939393939,0.5478260869565217,0.2087912087912088,0.7212276214833759,0.25,0.3801916932907348,0.3583815028901734,0.4732510288065844,0.736,3680,11,0.0017886178861788618
173,14,24,8,1048,0.9930555555555556,0.5478260869565217,0.20640569395017794,0.6989795918367347,0.26151560178306094,0.3954983922829582,0.39156626506024095,0.469601677148847,0.712,3560,22,0.0035772357723577236
7,0,24,12,1048,0.9913294797687862,0.5130434782608696,0.26618705035971224,0.7103960396039604,0.28005865102639294,0.450920245398773,0.36619718309859156,0.5064102564102564,0.654,3270,12,0.001951219512195122
160,13,24,8,512,0.9950354609929078,0.5139130434782608,0.25680933852140075,0.72,0.27126099706744866,0.4185303514376997,0.36129032258064514,0.49145299145299143,0.718,3590,12,0.001951219512195122
129,10,32,8,1048,0.9935483870967742,0.5234782608695652,0.2482758620689655,0.7386666666666667,0.2556390977443609,0.4201954397394137,0.39325842696629215,0.488659793814433,0.69,3450,11,0.0017886178861788618
104,8,32,8,512,0.9940397350993377,0.5165217391304348,0.22641509433962265,0.7314148681055156,0.25219941348973607,0.4375,0.35365853658536583,0.5106837606837606,0.698,3490,15,0.0024390243902439024
78,6,24,12,512,0.9928104575163399,0.5347826086956522,0.288135593220339,0.7060367454068242,0.29142011834319526,0.378839590443686,0.3867403314917127,0.46835443037974683,0.694,3470,9,0.0014634146341463415
231,19,16,12,1048,0.9925465838509316,0.5043478260869565,0.27526132404181186,0.7655502392344498,0.251063829787234,0.3905109489051095,0.3742690058479532,0.48089887640449436,0.678,3390,10,0.0016260162601626016
168,14,16,8,512,0.9932330827067669,0.5365217391304348,0.21708185053380782,0.7219387755102041,0.2526002971768202,0.3858520900321543,0.41566265060240964,0.4549266247379455,0.734,3670,17,0.0027642276422764228
85,7,16,8,1048,0.9947368421052631,0.5365217391304348,0.2605633802816901,0.6889460154241646,0.2897473997028232,0.4230769230769231,0.3575757575757576,0.4989517819706499,0.734,3670,15,0.0024390243902439024
63,5,16,12,1048,0.9939189189189189,0.5243478260869565,0.2727272727272727,0.6949152542372882,0.2915492957746479,0.4188679245283019,0.38857142857142857,0.4954545454545455,0.704,3520,13,0.002113821138211382
75,6,16,12,1048,0.9926829268292683,0.5382608695652173,0.288135593220339,0.7060367454068242,0.29142011834319526,0.37542662116040953,0.3701657458563536,0.47257383966244726,0.672,3360,7,0.0011382113821138211
15,1,16,12,1048,0.9930555555555556,0.5260869565217391,0.23825503355704697,0.7086419753086419,0.26884779516358465,0.4381625441696113,0.38414634146341464,0.5033557046979866,0.712,3560,21,0.0034146341463414634
60,5,16,8,512,0.992485549132948,0.528695652173913,0.29292929292929293,0.6828087167070218,0.30704225352112674,0.4,0.38285714285714284,0.4863636363636364,0.654,3270,12,0.001951219512195122
9,0,32,8,1048,0.991907514450867,0.5139130434782608,0.26258992805755393,0.7178217821782178,0.27419354838709675,0.44171779141104295,0.36619718309859156,0.5,0.654,3270,12,0.001951219512195122
22,1,32,12,512,0.9939393939393939,0.5226086956521739,0.2348993288590604,0.7135802469135802,0.26458036984352773,0.43462897526501765,0.40853658536585363,0.49217002237136465,0.736,3680,15,0.0024390243902439024
20,1,32,8,512,0.9946969696969697,0.5217391304347826,0.22818791946308725,0.7234567901234568,0.25604551920341395,0.4275618374558304,0.4146341463414634,0.4854586129753915,0.736,3680,14,0.0022764227642276423
169,14,16,8,1048,0.994,0.5452173913043479,0.2206405693950178,0.6989795918367347,0.2674591381872214,0.39228295819935693,0.39156626506024095,0.46750524109014674,0.7,3500,23,0.0037398373983739837
199,16,24,12,1048,0.9937106918238994,0.5304347826086957,0.28213166144200624,0.6884816753926701,0.29814550641940085,0.4280936454849498,0.3933333333333333,0.48775055679287305,0.682,3410,18,0.002926829268292683
161,13,24,8,1048,0.9949640287769784,0.5130434782608696,0.2529182879377432,0.72,0.2697947214076246,0.4249201277955272,0.36129032258064514,0.49572649572649574,0.722,3610,12,0.001951219512195122
193,16,16,8,1048,0.9948148148148148,0.5304347826086957,0.2852664576802508,0.6832460732984293,0.3024251069900143,0.431438127090301,0.3933333333333333,0.48997772828507796,0.73,3650,18,0.002926829268292683
118,9,32,12,512,0.9933333333333333,0.5339130434782609,0.21160409556313994,0.7386091127098321,0.24084507042253522,0.39322033898305087,0.3448275862068966,0.47954545454545455,0.73,3650,17,0.0027642276422764228
218,18,16,12,512,0.9945205479452055,0.548695652173913,0.21611721611721613,0.7212276214833759,0.25301204819277107,0.3610223642172524,0.37572254335260113,0.4547325102880658,0.708,3540,11,0.0017886178861788618
234,19,24,12,512,0.9934306569343065,0.5034782608695653,0.2508710801393728,0.7751196172248804,0.23546099290780143,0.40145985401459855,0.38011695906432746,0.4853932584269663,0.726,3630,11,0.0017886178861788618
95,7,32,12,1048,0.9942446043165467,0.5356521739130434,0.2640845070422535,0.6863753213367609,0.29271916790490343,0.4198717948717949,0.3696969696969697,0.49266247379454925,0.722,3610,14,0.0022764227642276423
125,10,24,8,1048,0.9933823529411765,0.5217391304347826,0.25517241379310346,0.7386666666666667,0.2586466165413534,0.42671009771986973,0.38202247191011235,0.49690721649484537,0.728,3640,10,0.0016260162601626016
212,17,32,8,512,0.7658064516129032,0.7191304347826087,0.45936395759717313,0.1820388349514563,0.6719424460431654,0.2847457627118644,0.2125,0.46153846153846156,0.07,350,3,0.0004878048780487805
69,5,32,8,1048,0.9941558441558441,0.5252173913043479,0.2828282828282828,0.6803874092009685,0.30422535211267604,0.4339622641509434,0.37714285714285717,0.509090909090909,0.692,3460,15,0.0024390243902439024
233,19,24,8,1048,0.9905555555555555,0.5069565217391304,0.28222996515679444,0.7511961722488039,0.2624113475177305,0.40145985401459855,0.36257309941520466,0.49213483146067416,0.64,3200,11,0.0017886178861788618
87,7,16,12,1048,0.9944055944055944,0.5356521739130434,0.2605633802816901,0.6889460154241646,0.2897473997028232,0.4198717948717949,0.3696969696969697,0.49266247379454925,0.714,3570,15,0.0024390243902439024
81,6,32,8,1048,0.9930817610062893,0.5365217391304348,0.288135593220339,0.7086614173228346,0.28994082840236685,0.378839590443686,0.3701657458563536,0.47468354430379744,0.682,3410,9,0.0014634146341463415
116,9,32,8,512,0.9931506849315068,0.5347826086956522,0.22184300341296928,0.7314148681055156,0.24929577464788732,0.3898305084745763,0.3448275862068966,0.4772727272727273,0.708,3540,17,0.0027642276422764228
21,1,32,8,1048,0.7829004329004329,0.6947826086956522,0.46308724832214765,0.19753086419753085,0.6586059743954481,0.26855123674911663,0.3475609756097561,0.40939597315436244,0.076,380,20,0.0032520325203252032
188,15,32,8,512,0.9913793103448276,0.548695652173913,0.30976430976430974,0.6737967914438503,0.31892697466467956,0.3745819397993311,0.35,0.4780793319415449,0.652,3260,13,0.002113821138211382
49,4,16,8,1048,0.9939393939393939,0.528695652173913,0.2206405693950178,0.7556109725685786,0.23460410557184752,0.38943894389438943,0.3575757575757576,0.47863247863247865,0.736,3680,9,0.0014634146341463415
43,3,24,12,1048,0.9933333333333333,0.5060869565217392,0.2585551330798479,0.7604938271604939,0.2470059880239521,0.4195583596214511,0.3575757575757576,0.495850622406639,0.73,3650,13,0.002113821138211382
186,15,24,12,512,0.9930555555555556,0.5408695652173913,0.30303030303030304,0.6925133689839572,0.3055141579731744,0.39464882943143814,0.3388888888888889,0.49478079331941544,0.712,3560,12,0.001951219512195122
189,15,32,8,1048,0.7955257270693512,0.7121739130434782,0.4882154882154882,0.16310160427807488,0.6825633383010432,0.24749163879598662,0.2833333333333333,0.42379958246346555,0.106,530,2,0.0003252032520325203
165,13,32,8,1048,0.995,0.5130434782608696,0.25680933852140075,0.7176470588235294,0.2727272727272727,0.4249201277955272,0.36129032258064514,0.49572649572649574,0.72,3600,12,0.001951219512195122
181,15,16,8,1048,0.9910179640718563,0.5434782608695652,0.31313131313131315,0.6844919786096256,0.3144560357675112,0.39464882943143814,0.32222222222222224,0.5010438413361169,0.666,3330,11,0.0017886178861788618
68,5,32,8,512,0.9934782608695653,0.5252173913043479,0.2760942760942761,0.6876513317191283,0.2971830985915493,0.43018867924528303,0.37714285714285717,0.5068181818181818,0.724,3620,12,0.001951219512195122
128,10,32,8,512,0.9928057553956835,0.5243478260869565,0.25862068965517243,0.728,0.2661654135338346,0.42671009771986973,0.38202247191011235,0.49690721649484537,0.722,3610,9,0.0014634146341463415
103,8,24,12,1048,0.9932515337423313,0.5217391304347826,0.23018867924528302,0.7194244604316546,0.26099706744868034,0.4342105263157895,0.3475609756097561,0.5106837606837606,0.674,3370,14,0.0022764227642276423
190,15,32,12,512,0.9932432432432432,0.54,0.3063973063973064,0.6898395721925134,0.30849478390462,0.39464882943143814,0.34444444444444444,0.49269311064718163,0.704,3520,12,0.001951219512195122
137,11,24,8,1048,0.9936619718309859,0.528695652173913,0.2852112676056338,0.6852791878172588,0.3023598820058997,0.4506578947368421,0.32142857142857145,0.5317796610169492,0.716,3580,11,0.0017886178861788618
4,0,24,8,512,0.9916167664670659,0.5165217391304348,0.26618705035971224,0.7103960396039604,0.28005865102639294,0.4386503067484663,0.36619718309859156,0.49786324786324787,0.666,3330,12,0.001951219512195122
6,0,24,12,512,0.7745689655172414,0.7060869565217391,0.4784172661870504,0.20297029702970298,0.6671554252199413,0.27300613496932513,0.23943661971830985,0.42094017094017094,0.072,360,4,0.0006504065040650406
17,1,24,8,1048,0.7818574514038877,0.6982608695652174,0.46308724832214765,0.1925925925925926,0.6614509246088194,0.2756183745583039,0.3231707317073171,0.4228187919463087,0.074,370,7,0.0011382113821138211
46,3,32,12,512,0.991715976331361,0.5147826086956522,0.2965779467680608,0.725925925925926,0.28293413173652693,0.39747634069400634,0.36363636363636365,0.47925311203319504,0.662,3310,12,0.001951219512195122
2,0,16,12,512,0.9909638554216867,0.5139130434782608,0.26258992805755393,0.7153465346534653,0.2756598240469208,0.4447852760736196,0.36619718309859156,0.5021367521367521,0.668,3340,12,0.001951219512195122
106,8,32,12,512,0.9935294117647059,0.5252173913043479,0.22641509433962265,0.7170263788968825,0.26099706744868034,0.4276315789473684,0.3475609756097561,0.5064102564102564,0.66,3300,16,0.0026016260162601626
211,17,24,12,1048,0.9932835820895523,0.5113043478260869,0.21554770318021202,0.7548543689320388,0.23309352517985613,0.43728813559322033,0.38125,0.5010989010989011,0.732,3660,12,0.001951219512195122
102,8,24,12,512,0.9936305732484076,0.5217391304347826,0.23018867924528302,0.7194244604316546,0.26099706744868034,0.4407894736842105,0.3353658536585366,0.5192307692307693,0.686,3430,16,0.0026016260162601626
84,7,16,8,512,0.9939597315436242,0.5382608695652173,0.2640845070422535,0.6812339331619537,0.29569093610698366,0.42628205128205127,0.3515151515151515,0.5031446540880503,0.702,3510,18,0.002926829268292683
94,7,32,12,512,0.9948148148148148,0.5321739130434783,0.24647887323943662,0.7069408740359897,0.27340267459138184,0.4230769230769231,0.3696969696969697,0.4947589098532495,0.73,3650,15,0.0024390243902439024
156,13,16,8,512,0.9942028985507246,0.5139130434782608,0.2529182879377432,0.7223529411764706,0.26832844574780057,0.4185303514376997,0.36129032258064514,0.49145299145299143,0.724,3620,12,0.001951219512195122
123,10,16,12,1048,0.9932330827067669,0.5217391304347826,0.2517241379310345,0.7413333333333333,0.2556390977443609,0.42671009771986973,0.38202247191011235,0.49690721649484537,0.734,3670,9,0.0014634146341463415
178,14,32,12,512,0.9931818181818182,0.5391304347826087,0.20640569395017794,0.7244897959183674,0.24665676077265974,0.3890675241157556,0.4036144578313253,0.4612159329140461,0.736,3680,18,0.002926829268292683
216,18,16,8,512,0.9945578231292517,0.551304347826087,0.2271062271062271,0.7135549872122762,0.2620481927710843,0.36421725239616615,0.35260115606936415,0.46502057613168724,0.706,3530,12,0.001951219512195122
1,0,16,8,1048,0.9923076923076923,0.5139130434782608,0.26258992805755393,0.7153465346534653,0.2756598240469208,0.4447852760736196,0.36619718309859156,0.5021367521367521,0.662,3310,11,0.0017886178861788618
227,18,32,12,1048,0.7887168141592921,0.7304347826086957,0.4725274725274725,0.17647058823529413,0.6792168674698795,0.2012779552715655,0.2832369942196532,0.38477366255144035,0.096,480,2,0.0003252032520325203
214,17,32,12,512,0.9927536231884058,0.5121739130434783,0.22614840989399293,0.7451456310679612,0.24316546762589927,0.43389830508474575,0.3875,0.4967032967032967,0.724,3620,13,0.002113821138211382
228,19,16,8,512,0.9936619718309859,0.5017391304347826,0.2682926829268293,0.7727272727272727,0.24397163120567375,0.40145985401459855,0.3684210526315789,0.4898876404494382,0.716,3580,11,0.0017886178861788618
91,7,24,12,1048,0.7813449023861171,0.7069565217391305,0.4753521126760563,0.19023136246786632,0.6686478454680534,0.26282051282051283,0.2787878787878788,0.42138364779874216,0.078,390,13,0.002113821138211382
38,3,16,12,512,0.9922619047619048,0.5147826086956522,0.30038022813688214,0.7209876543209877,0.2874251497005988,0.4069400630914827,0.3515151515151515,0.4896265560165975,0.664,3320,14,0.0022764227642276423
217,18,16,8,1048,0.9923529411764705,0.5565217391304348,0.2454212454212454,0.6879795396419437,0.28463855421686746,0.35782747603833864,0.3583815028901734,0.4588477366255144,0.66,3300,11,0.0017886178861788618
64,5,24,8,512,0.7839912280701754,0.7217391304347827,0.4377104377104377,0.19612590799031476,0.6507042253521127,0.23018867924528302,0.2742857142857143,0.42727272727272725,0.088,440,7,0.0011382113821138211
98,8,16,12,512,0.7744588744588745,0.7269565217391304,0.4641509433962264,0.17266187050359713,0.6862170087976539,0.2631578947368421,0.23780487804878048,0.43803418803418803,0.076,380,5,0.0008130081300813008
82,6,32,12,512,0.9939849624060151,0.528695652173913,0.2745762711864407,0.7270341207349081,0.27366863905325445,0.3856655290102389,0.39226519337016574,0.4704641350210971,0.734,3670,9,0.0014634146341463415
155,12,32,12,1048,0.9926174496644296,0.5408695652173913,0.2673611111111111,0.7181372549019608,0.27586206896551724,0.3561643835616438,0.3333333333333333,0.4669603524229075,0.702,3510,12,0.001951219512195122
74,6,16,12,512,0.9932432432432432,0.5330434782608696,0.288135593220339,0.7112860892388452,0.28846153846153844,0.3822525597269625,0.3812154696132597,0.47257383966244726,0.704,3520,9,0.0014634146341463415
111,9,16,12,1048,0.9914285714285714,0.5408695652173913,0.20819112627986347,0.7362110311750599,0.24084507042253522,0.3728813559322034,0.3448275862068966,0.4659090909090909,0.65,3250,18,0.002926829268292683
54,4,24,12,512,0.9932098765432099,0.5434782608695652,0.21708185053380782,0.7331670822942643,0.24633431085043989,0.37623762376237624,0.3393939393939394,0.47649572649572647,0.676,3380,12,0.001951219512195122
197,16,24,8,1048,0.9948148148148148,0.528695652173913,0.26959247648902823,0.6989528795811518,0.2867332382310984,0.431438127090301,0.4,0.48775055679287305,0.73,3650,18,0.002926829268292683
19,1,24,12,1048,0.9954545454545455,0.5217391304347826,0.2214765100671141,0.7308641975308642,0.24893314366998578,0.43109540636042404,0.4024390243902439,0.49217002237136465,0.736,3680,18,0.002926829268292683
40,3,24,8,512,0.992,0.5173913043478261,0.30038022813688214,0.7209876543209877,0.2874251497005988,0.3943217665615142,0.3575757575757576,0.47925311203319504,0.65,3250,14,0.0022764227642276423
28,2,24,8,512,0.9945578231292517,0.5104347826086957,0.28421052631578947,0.7374701670644391,0.2713068181818182,0.4169611307420495,0.3374233128834356,0.5067264573991032,0.706,3530,11,0.0017886178861788618
124,10,24,8,512,0.9933823529411765,0.5217391304347826,0.2517241379310345,0.7386666666666667,0.2571428571428571,0.4234527687296417,0.39325842696629215,0.49072164948453606,0.728,3640,9,0.0014634146341463415
88,7,24,8,512,0.9944827586206897,0.5356521739130434,0.2605633802816901,0.6889460154241646,0.2897473997028232,0.4198717948717949,0.3696969696969697,0.49266247379454925,0.71,3550,16,0.0026016260162601626
138,11,24,12,512,0.9940397350993377,0.5339130434782609,0.2746478873239437,0.6852791878172588,0.29793510324483774,0.4342105263157895,0.3333333333333333,0.5169491525423728,0.698,3490,10,0.0016260162601626016
131,10,32,12,1048,0.9935483870967742,0.5252173913043479,0.2517241379310345,0.7333333333333333,0.26015037593984963,0.4169381107491857,0.39325842696629215,0.4865979381443299,0.69,3450,11,0.0017886178861788618
100,8,24,8,512,0.9936708860759493,0.5226086956521739,0.2339622641509434,0.7146282973621103,0.2653958944281525,0.4407894736842105,0.3353658536585366,0.5192307692307693,0.684,3420,16,0.0026016260162601626
101,8,24,8,1048,0.9923529411764705,0.5234782608695652,0.2490566037735849,0.709832134292566,0.27419354838709675,0.4276315789473684,0.34146341463414637,0.5085470085470085,0.66,3300,14,0.0022764227642276423
119,9,32,12,1048,0.9903614457831326,0.54,0.21843003412969283,0.7290167865707434,0.24929577464788732,0.3728813559322034,0.35172413793103446,0.4636363636363636,0.668,3340,14,0.0022764227642276423
58,4,32,12,512,0.9944444444444445,0.5373913043478261,0.2277580071174377,0.7381546134663342,0.24780058651026393,0.3795379537953795,0.34545454545454546,0.47649572649572647,0.712,3560,11,0.0017886178861788618
157,13,16,8,1048,0.9943661971830986,0.5147826086956522,0.25680933852140075,0.7176470588235294,0.2727272727272727,0.4217252396166134,0.3548387096774194,0.49572649572649574,0.716,3580,12,0.001951219512195122
134,11,16,12,512,0.9939597315436242,0.5304347826086957,0.29225352112676056,0.6751269035532995,0.3112094395280236,0.4473684210526316,0.3273809523809524,0.527542372881356,0.702,3510,12,0.001951219512195122
36,3,16,8,512,0.9926470588235294,0.5043478260869565,0.2585551330798479,0.7654320987654321,0.2440119760479042,0.4227129337539432,0.3515151515151515,0.5,0.728,3640,13,0.002113821138211382
148,12,24,8,512,0.9935483870967742,0.5382608695652173,0.2743055555555556,0.7107843137254902,0.28304597701149425,0.3732876712328767,0.3271604938271605,0.4801762114537445,0.69,3450,13,0.002113821138211382
90,7,24,12,512,0.9937931034482759,0.5356521739130434,0.2640845070422535,0.6863753213367609,0.29271916790490343,0.4198717948717949,0.3696969696969697,0.49266247379454925,0.71,3550,16,0.0026016260162601626
45,3,32,8,1048,0.9933333333333333,0.5069565217391304,0.2661596958174905,0.7530864197530864,0.25449101796407186,0.42902208201892744,0.3393939393939394,0.508298755186722,0.73,3650,14,0.0022764227642276423
200,16,32,8,512,0.9948905109489051,0.5321739130434783,0.2884012539184953,0.675392670157068,0.30813124108416545,0.43478260869565216,0.38666666666666666,0.49443207126948774,0.726,3630,18,0.002926829268292683
44,3,32,8,512,0.9918604651162791,0.5156521739130435,0.30038022813688214,0.7234567901234568,0.28592814371257486,0.39747634069400634,0.3575757575757576,0.48132780082987553,0.656,3280,12,0.001951219512195122
53,4,24,8,1048,0.9918238993710692,0.5417391304347826,0.23843416370106763,0.7281795511221946,0.25806451612903225,0.37623762376237624,0.32727272727272727,0.4807692307692308,0.682,3410,10,0.0016260162601626016
0,0,16,8,512,0.9915662650602409,0.5191304347826087,0.26258992805755393,0.7128712871287128,0.27712609970674484,0.4294478527607362,0.36619718309859156,0.49145299145299143,0.668,3340,11,0.0017886178861788618
180,15,16,8,512,0.9938356164383562,0.5391304347826087,0.3063973063973064,0.6951871657754011,0.3055141579731744,0.39464882943143814,0.3388888888888889,0.49478079331941544,0.708,3540,12,0.001951219512195122
26,2,16,12,512,0.9943661971830986,0.5113043478260869,0.2736842105263158,0.7422434367541766,0.26420454545454547,0.4169611307420495,0.3374233128834356,0.5067264573991032,0.716,3580,11,0.0017886178861788618
153,12,32,8,1048,0.9926174496644296,0.5391304347826087,0.2708333333333333,0.7132352941176471,0.2801724137931034,0.3698630136986301,0.3271604938271605,0.4779735682819383,0.702,3510,12,0.001951219512195122
42,3,24,12,512,0.9927631578947368,0.5173913043478261,0.26996197718631176,0.7333333333333333,0.2679640718562874,0.40063091482649843,0.36363636363636365,0.48132780082987553,0.696,3480,13,0.002113821138211382
66,5,24,12,512,0.9936619718309859,0.5252173913043479,0.29292929292929293,0.6779661016949152,0.30985915492957744,0.42641509433962266,0.37714285714285717,0.5045454545454545,0.716,3580,12,0.001951219512195122
89,7,24,8,1048,0.9943262411347518,0.5347826086956522,0.2640845070422535,0.6863753213367609,0.29271916790490343,0.4230769230769231,0.3696969696969697,0.4947589098532495,0.718,3590,15,0.0024390243902439024
191,15,32,12,1048,0.9909638554216867,0.5460869565217391,0.30976430976430974,0.6844919786096256,0.31296572280178836,0.3712374581939799,0.35,0.4759916492693111,0.668,3340,10,0.0016260162601626016
184,15,24,8,512,0.9931972789115646,0.5373913043478261,0.2996632996632997,0.7032085561497327,0.29806259314456035,0.39464882943143814,0.34444444444444444,0.49269311064718163,0.706,3530,12,0.001951219512195122
164,13,32,8,512,0.993006993006993,0.5173913043478261,0.25680933852140075,0.7129411764705882,0.2756598240469208,0.41533546325878595,0.36129032258064514,0.4893162393162393,0.714,3570,13,0.002113821138211382
107,8,32,12,1048,0.9922155688622755,0.5217391304347826,0.2528301886792453,0.7074340527577938,0.27712609970674484,0.4375,0.3353658536585366,0.5170940170940171,0.666,3330,14,0.0022764227642276423
127,10,24,12,1048,0.9933823529411765,0.5208695652173913,0.24482758620689654,0.7466666666666667,0.24962406015037594,0.42671009771986973,0.38764044943820225,0.4948453608247423,0.728,3640,9,0.0014634146341463415
117,9,32,8,1048,0.9915254237288136,0.542608695652174,0.20819112627986347,0.7362110311750599,0.24084507042253522,0.36271186440677966,0.35172413793103446,0.45681818181818185,0.646,3230,18,0.002926829268292683
132,11,16,8,512,0.9937931034482759,0.5321739130434783,0.27816901408450706,0.6878172588832487,0.29793510324483774,0.4375,0.3273809523809524,0.5211864406779662,0.71,3550,11,0.0017886178861788618
187,15,24,12,1048,0.9908536585365854,0.5408695652173913,0.30976430976430974,0.6898395721925134,0.30998509687034276,0.38127090301003347,0.35555555555555557,0.4801670146137787,0.672,3360,10,0.0016260162601626016
174,14,24,12,512,0.9918518518518519,0.5434782608695652,0.22419928825622776,0.6989795918367347,0.2689450222882615,0.3954983922829582,0.39156626506024095,0.469601677148847,0.73,3650,19,0.003089430894308943
3,0,16,12,1048,0.9919254658385093,0.5139130434782608,0.26618705035971224,0.7079207920792079,0.28152492668621704,0.450920245398773,0.36619718309859156,0.5064102564102564,0.678,3390,11,0.0017886178861788618
183,15,16,12,1048,0.7912946428571429,0.7130434782608696,0.5050505050505051,0.15508021390374332,0.6944858420268256,0.2508361204013378,0.2611111111111111,0.4342379958246347,0.104,520,9,0.0014634146341463415
105,8,32,8,1048,0.9932515337423313,0.5226086956521739,0.23018867924528302,0.7170263788968825,0.2624633431085044,0.4309210526315789,0.35365853658536583,0.5064102564102564,0.674,3370,14,0.0022764227642276423
27,2,16,12,1048,0.9944055944055944,0.5139130434782608,0.2596491228070175,0.7517899761336515,0.2528409090909091,0.40636042402826855,0.3374233128834356,0.5,0.714,3570,9,0.0014634146341463415
232,19,24,8,512,0.9944827586206897,0.4991304347826087,0.2682926829268293,0.7727272727272727,0.24397163120567375,0.40145985401459855,0.38596491228070173,0.48314606741573035,0.71,3550,11,0.0017886178861788618
147,12,16,12,1048,0.9931297709923664,0.528695652173913,0.2638888888888889,0.7426470588235294,0.2600574712643678,0.3732876712328767,0.3333333333333333,0.4779735682819383,0.738,3690,10,0.0016260162601626016
35,2,32,12,1048,0.9935897435897436,0.5147826086956522,0.26666666666666666,0.7398568019093079,0.2627840909090909,0.4134275618374558,0.3374233128834356,0.5044843049327354,0.688,3440,12,0.001951219512195122
73,6,16,8,1048,0.9925,0.5356521739130434,0.288135593220339,0.7112860892388452,0.28846153846153844,0.378839590443686,0.3701657458563536,0.47468354430379744,0.68,3400,8,0.0013008130081300813
194,16,16,12,512,0.994927536231884,0.5269565217391304,0.27586206896551724,0.7041884816753927,0.2867332382310984,0.431438127090301,0.38666666666666666,0.4922048997772829,0.724,3620,18,0.002926829268292683
59,4,32,12,1048,0.9943661971830986,0.5382608695652173,0.2277580071174377,0.7331670822942643,0.250733137829912,0.37623762376237624,0.3575757575757576,0.4700854700854701,0.716,3580,10,0.0016260162601626016
182,15,16,12,512,0.9909638554216867,0.5452173913043479,0.3063973063973064,0.6871657754010695,0.30998509687034276,0.3779264214046823,0.34444444444444444,0.4822546972860125,0.668,3340,12,0.001951219512195122
76,6,24,8,512,0.9927631578947368,0.5339130434782609,0.2847457627118644,0.7112860892388452,0.2869822485207101,0.378839590443686,0.3867403314917127,0.46835443037974683,0.696,3480,9,0.0014634146341463415
141,11,32,8,1048,0.9941176470588236,0.5321739130434783,0.27816901408450706,0.6852791878172588,0.2994100294985251,0.4407894736842105,0.3273809523809524,0.5233050847457628,0.694,3470,11,0.0017886178861788618
215,17,32,12,1048,0.9931297709923664,0.5069565217391304,0.2226148409893993,0.7548543689320388,0.23597122302158274,0.44745762711864406,0.38125,0.5076923076923077,0.738,3690,12,0.001951219512195122
113,9,24,8,1048,0.7673866090712743,0.7330434782608696,0.44368600682593856,0.15587529976019185,0.6788732394366197,0.24067796610169492,0.2827586206896552,0.3977272727272727,0.074,370,1,0.00016260162601626016
219,18,16,12,1048,0.9942028985507246,0.5469565217391305,0.22344322344322345,0.7161125319693095,0.25903614457831325,0.3610223642172524,0.3872832369942196,0.4506172839506173,0.724,3620,11,0.0017886178861788618
208,17,24,8,512,0.9936170212765958,0.5113043478260869,0.20848056537102475,0.7597087378640777,0.2273381294964029,0.43389830508474575,0.3875,0.4967032967032967,0.718,3590,13,0.002113821138211382
167,13,32,12,1048,0.9942446043165467,0.5130434782608696,0.25680933852140075,0.7152941176470589,0.27419354838709675,0.4281150159744409,0.36129032258064514,0.49786324786324787,0.722,3610,12,0.001951219512195122
80,6,32,8,512,0.9947019867549669,0.5339130434782609,0.28135593220338984,0.7165354330708661,0.28254437869822485,0.36860068259385664,0.39779005524861877,0.4578059071729958,0.698,3490,9,0.0014634146341463415
108,9,16,8,512,0.9928057553956835,0.5330434782608696,0.22184300341296928,0.7338129496402878,0.24788732394366197,0.39322033898305087,0.3448275862068966,0.47954545454545455,0.722,3610,14,0.0022764227642276423
115,9,24,12,1048,0.9908045977011494,0.5391304347826087,0.2150170648464164,0.7266187050359713,0.24929577464788732,0.38305084745762713,0.35172413793103446,0.47045454545454546,0.652,3260,18,0.002926829268292683
114,9,24,12,512,0.993006993006993,0.5339130434782609,0.22525597269624573,0.7290167865707434,0.252112676056338,0.39322033898305087,0.3448275862068966,0.47954545454545455,0.714,3570,16,0.0026016260162601626
47,3,32,12,1048,0.9928143712574851,0.5147826086956522,0.2965779467680608,0.725925925925926,0.28293413173652693,0.40063091482649843,0.3575757575757576,0.483402489626556,0.666,3330,14,0.0022764227642276423
221,18,24,8,1048,0.9916129032258064,0.551304347826087,0.23076923076923078,0.7084398976982097,0.26656626506024095,0.36421725239616615,0.3583815028901734,0.46296296296296297,0.69,3450,9,0.0014634146341463415
143,11,32,12,1048,0.9937062937062937,0.5330434782608696,0.2676056338028169,0.6903553299492385,0.2920353982300885,0.4440789473684211,0.32142857142857145,0.527542372881356,0.714,3570,10,0.0016260162601626016
83,6,32,12,1048,0.9932515337423313,0.5356521739130434,0.288135593220339,0.7112860892388452,0.28846153846153844,0.378839590443686,0.3701657458563536,0.47468354430379744,0.674,3370,8,0.0013008130081300813
133,11,16,8,1048,0.9933774834437086,0.5295652173913044,0.2852112676056338,0.6852791878172588,0.3023598820058997,0.4440789473684211,0.3273809523809524,0.5254237288135594,0.698,3490,11,0.0017886178861788618
225,18,32,8,1048,0.9922580645161291,0.5478260869565217,0.23076923076923078,0.7161125319693095,0.2620481927710843,0.3610223642172524,0.3699421965317919,0.4567901234567901,0.69,3450,8,0.0013008130081300813
55,4,24,12,1048,0.9939849624060151,0.5321739130434783,0.22419928825622776,0.7531172069825436,0.2375366568914956,0.38943894389438943,0.3333333333333333,0.48717948717948717,0.734,3670,11,0.0017886178861788618
37,3,16,8,1048,0.9927710843373494,0.5165217391304348,0.2813688212927757,0.7333333333333333,0.27245508982035926,0.39747634069400634,0.3575757575757576,0.48132780082987553,0.668,3340,14,0.0022764227642276423
48,4,16,8,512,0.9932432432432432,0.5408695652173913,0.2277580071174377,0.7281795511221946,0.2536656891495601,0.38943894389438943,0.32727272727272727,0.4893162393162393,0.704,3520,12,0.001951219512195122
172,14,24,8,512,0.9931818181818182,0.5417391304347826,0.21708185053380782,0.7091836734693877,0.2600297176820208,0.3858520900321543,0.40963855421686746,0.4570230607966457,0.736,3680,16,0.0026016260162601626
56,4,32,8,512,0.9931972789115646,0.5391304347826087,0.2277580071174377,0.7331670822942643,0.250733137829912,0.38283828382838286,0.3393939393939394,0.4807692307692308,0.706,3530,12,0.001951219512195122
205,17,16,8,1048,0.9935714285714285,0.5130434782608696,0.22968197879858657,0.7402912621359223,0.2474820143884892,0.43728813559322033,0.38125,0.5010989010989011,0.72,3600,12,0.001951219512195122
207,17,16,12,1048,0.9935714285714285,0.5130434782608696,0.21908127208480566,0.7475728155339806,0.23884892086330936,0.43389830508474575,0.3875,0.4967032967032967,0.72,3600,13,0.002113821138211382
41,3,24,8,1048,0.9932432432432432,0.5121739130434783,0.2661596958174905,0.7481481481481481,0.25748502994011974,0.4037854889589905,0.36363636363636365,0.483402489626556,0.704,3520,13,0.002113821138211382
51,4,16,12,1048,0.9939393939393939,0.5295652173913044,0.21708185053380782,0.7605985037406484,0.23020527859237536,0.3795379537953795,0.36363636363636365,0.4700854700854701,0.736,3680,9,0.0014634146341463415
237,19,32,8,1048,0.9903030303030304,0.5026086956521739,0.2787456445993031,0.7607655502392344,0.2553191489361702,0.40145985401459855,0.3742690058479532,0.48764044943820223,0.67,3350,9,0.0014634146341463415
149,12,24,8,1048,0.9926174496644296,0.5391304347826087,0.2708333333333333,0.7132352941176471,0.2801724137931034,0.3698630136986301,0.3271604938271605,0.4779735682819383,0.702,3510,12,0.001951219512195122
213,17,32,8,1048,0.9939393939393939,0.5095652173913043,0.2226148409893993,0.7524271844660194,0.23741007194244604,0.43728813559322033,0.3875,0.4989010989010989,0.736,3680,12,0.001951219512195122
195,16,16,12,1048,0.9936708860759493,0.5304347826086957,0.2884012539184953,0.680628272251309,0.30527817403708984,0.431438127090301,0.3933333333333333,0.48997772828507796,0.684,3420,17,0.0027642276422764228
25,2,16,8,1048,0.9940298507462687,0.5130434782608696,0.2631578947368421,0.747016706443914,0.2571022727272727,0.4134275618374558,0.3374233128834356,0.5044843049327354,0.732,3660,10,0.0016260162601626016
5,0,24,8,1048,0.991907514450867,0.5121739130434783,0.26258992805755393,0.7153465346534653,0.2756598240469208,0.450920245398773,0.36619718309859156,0.5064102564102564,0.654,3270,12,0.001951219512195122
171,14,16,12,1048,0.993006993006993,0.5460869565217391,0.2099644128113879,0.6989795918367347,0.26300148588410105,0.3987138263665595,0.39156626506024095,0.4716981132075472,0.714,3570,23,0.0037398373983739837
93,7,32,8,1048,0.9946969696969697,0.5365217391304348,0.25,0.6966580976863753,0.28083209509658247,0.4230769230769231,0.3575757575757576,0.4989517819706499,0.736,3680,15,0.0024390243902439024
97,8,16,8,1048,0.9932885906040269,0.5217391304347826,0.22641509433962265,0.7194244604316546,0.2595307917888563,0.4407894736842105,0.34146341463414637,0.5170940170940171,0.702,3510,14,0.0022764227642276423
57,4,32,8,1048,0.9929936305732484,0.5452173913043479,0.23843416370106763,0.7206982543640897,0.2624633431085044,0.3696369636963696,0.3333333333333333,0.47435897435897434,0.686,3430,11,0.0017886178861788618
229,19,16,8,1048,0.9915662650602409,0.5034782608695653,0.2787456445993031,0.7583732057416268,0.25673758865248225,0.40145985401459855,0.3742690058479532,0.48764044943820223,0.668,3340,10,0.0016260162601626016
179,14,32,12,1048,0.9937062937062937,0.5469565217391305,0.21352313167259787,0.6989795918367347,0.26448736998514116,0.3954983922829582,0.3855421686746988,0.4716981132075472,0.714,3570,23,0.0037398373983739837
185,15,24,8,1048,0.9908536585365854,0.5434782608695652,0.3063973063973064,0.6898395721925134,0.30849478390462,0.3745819397993311,0.35555555555555557,0.4759916492693111,0.672,3360,10,0.0016260162601626016
65,5,24,8,1048,0.9936708860759493,0.5260869565217391,0.2760942760942761,0.6876513317191283,0.2971830985915493,0.4188679245283019,0.38857142857142857,0.4954545454545455,0.684,3420,12,0.001951219512195122
