Model-count,Dataperm,H1Units,H2Units,Batch,Train_acc,Test_acc,Class0_FPR,Class0_FNR,Class0_Pos,Class1_FPR,Class1_FNR,Class1_Pos
47,3,32,12,1048,0.607,0.591304347826087,0.7507987220447284,0.10140845070422536,0.8293413173652695,0.545774647887324,0.2222222222222222,0.6410788381742739
152,12,32,8,512,0.6106,0.6086956521739131,0.6842105263157895,0.08757062146892655,0.8002873563218391,0.4681647940074906,0.32085561497326204,0.5550660792951542
195,16,16,12,1048,0.6128,0.6278260869565218,0.6686390532544378,0.09641873278236915,0.7902995720399429,0.45985401459854014,0.2342857142857143,0.579064587973274
34,2,32,12,512,0.61,0.5791304347826087,0.7535816618911175,0.09295774647887324,0.8309659090909091,0.5310077519379846,0.2712765957446808,0.6143497757847534
24,2,16,8,512,0.6172,0.5869565217391305,0.7306590257879656,0.10140845070422536,0.8153409090909091,0.5077519379844961,0.28191489361702127,0.5964125560538116
38,3,16,12,512,0.6122,0.5939130434782609,0.7412140575079872,0.10422535211267606,0.8233532934131736,0.5316901408450704,0.23737373737373738,0.6265560165975104
66,5,24,12,512,0.6046,0.5817391304347826,0.7424657534246575,0.06666666666666667,0.8352112676056338,0.57421875,0.21739130434782608,0.6613636363636364
120,10,16,8,512,0.6126,0.591304347826087,0.716012084592145,0.10778443113772455,0.8045112781954887,0.5254237288135594,0.22105263157894736,0.6247422680412371
53,4,24,8,1048,0.605,0.6034782608695652,0.7109826589595376,0.08035714285714286,0.8137829912023461,0.48928571428571427,0.24468085106382978,0.5961538461538461
60,5,16,8,512,0.6048,0.5808695652173913,0.7424657534246575,0.06666666666666667,0.8352112676056338,0.57421875,0.22282608695652173,0.6590909090909091
198,16,24,12,512,0.6032,0.6095652173913043,0.7100591715976331,0.08264462809917356,0.8174037089871612,0.5109489051094891,0.22285714285714286,0.6146993318485523
20,1,32,8,512,0.6138,0.6173913043478261,0.6539589442815249,0.11602209944751381,0.7724039829302988,0.4696969696969697,0.2786885245901639,0.5727069351230425
10,0,32,12,512,0.6042,0.6086956521739131,0.6985507246376812,0.0771513353115727,0.8093841642228738,0.5,0.21348314606741572,0.6089743589743589
194,16,16,12,512,0.6028,0.6095652173913043,0.7100591715976331,0.08264462809917356,0.8174037089871612,0.5109489051094891,0.22285714285714286,0.6146993318485523
150,12,24,12,512,0.6088,0.6086956521739131,0.6842105263157895,0.08757062146892655,0.8002873563218391,0.4681647940074906,0.32085561497326204,0.5550660792951542
58,4,32,12,512,0.5996,0.5956521739130435,0.7369942196531792,0.06547619047619048,0.8343108504398827,0.5107142857142857,0.2393617021276596,0.6111111111111112
44,3,32,8,512,0.6118,0.5939130434782609,0.7412140575079872,0.10422535211267606,0.8233532934131736,0.5316901408450704,0.23737373737373738,0.6265560165975104
46,3,32,12,512,0.6128,0.5939130434782609,0.7380191693290735,0.10422535211267606,0.8218562874251497,0.5316901408450704,0.24242424242424243,0.6244813278008299
148,12,24,8,512,0.6086,0.6078260869565217,0.6842105263157895,0.08757062146892655,0.8002873563218391,0.47191011235955055,0.32085561497326204,0.5572687224669604
138,11,24,12,512,0.615,0.6069565217391304,0.6972477064220184,0.1282051282051282,0.7876106194690266,0.47719298245614034,0.22994652406417113,0.5932203389830508
40,3,24,8,512,0.612,0.5939130434782609,0.7412140575079872,0.10422535211267606,0.8233532934131736,0.5316901408450704,0.23737373737373738,0.6265560165975104
30,2,24,12,512,0.6128,0.5808695652173913,0.7421203438395415,0.09577464788732394,0.8238636363636364,0.5271317829457365,0.28191489361702127,0.6076233183856502
73,6,16,8,1048,0.6036,0.6052173913043478,0.691131498470948,0.08882521489971347,0.8047337278106509,0.5052631578947369,0.2804232804232804,0.5907172995780591
172,14,24,8,512,0.6122,0.5756521739130435,0.7536231884057971,0.09451219512195122,0.8276374442793462,0.49830508474576274,0.27472527472527475,0.5849056603773585
11,0,32,12,1048,0.6054,0.6095652173913043,0.6956521739130435,0.0771513353115727,0.8079178885630498,0.5,0.21348314606741572,0.6089743589743589
28,2,24,8,512,0.6146,0.5852173913043478,0.7363896848137536,0.09859154929577464,0.8196022727272727,0.5116279069767442,0.28191489361702127,0.5986547085201793
57,4,32,8,1048,0.6048,0.6034782608695652,0.7109826589595376,0.08035714285714286,0.8137829912023461,0.48928571428571427,0.24468085106382978,0.5961538461538461
90,7,24,12,512,0.6124,0.6043478260869565,0.6934523809523809,0.10682492581602374,0.7934621099554234,0.4896551724137931,0.23529411764705882,0.5974842767295597
56,4,32,8,512,0.5992,0.5956521739130435,0.7369942196531792,0.06547619047619048,0.8343108504398827,0.5107142857142857,0.2393617021276596,0.6111111111111112
101,8,24,8,1048,0.6064,0.6182608695652174,0.7101910828025477,0.08967391304347826,0.8181818181818182,0.519298245614035,0.1912568306010929,0.6324786324786325
230,19,16,12,512,0.6094,0.5834782608695652,0.7118155619596542,0.09217877094972067,0.8113475177304964,0.5686274509803921,0.28421052631578947,0.6314606741573033
208,17,24,8,512,0.6092,0.6304347826086957,0.6739130434782609,0.08042895442359249,0.8057553956834532,0.468503937007874,0.2935323383084577,0.5736263736263736
145,12,16,8,1048,0.6076,0.6052173913043478,0.6871345029239766,0.08757062146892655,0.8017241379310345,0.4868913857677903,0.31016042780748665,0.5704845814977973
100,8,24,8,512,0.6084,0.6226086956521739,0.7038216560509554,0.09239130434782608,0.8137829912023461,0.4982456140350877,0.20218579234972678,0.6153846153846154
25,2,16,8,1048,0.6124,0.5843478260869566,0.7392550143266475,0.09577464788732394,0.8224431818181818,0.5155038759689923,0.28191489361702127,0.600896860986547
42,3,24,12,512,0.6116,0.5939130434782609,0.7412140575079872,0.10422535211267606,0.8233532934131736,0.5316901408450704,0.23737373737373738,0.6265560165975104
134,11,16,12,512,0.614,0.6034782608695652,0.7033639143730887,0.1282051282051282,0.7905604719764012,0.4842105263157895,0.22994652406417113,0.597457627118644
114,9,24,12,512,0.6068,0.6243478260869565,0.6994047619047619,0.06951871657754011,0.8211267605633803,0.468503937007874,0.27956989247311825,0.575
158,13,16,12,512,0.5938,0.6191304347826087,0.7239263803680982,0.05337078651685393,0.8401759530791789,0.503448275862069,0.20786516853932585,0.6132478632478633
118,9,32,12,512,0.6072,0.6243478260869565,0.6994047619047619,0.06951871657754011,0.8211267605633803,0.468503937007874,0.27956989247311825,0.575
23,1,32,12,1048,0.6132,0.6191304347826087,0.6598240469208211,0.11602209944751381,0.7752489331436699,0.4696969696969697,0.2568306010928962,0.5816554809843401
234,19,24,12,512,0.6096,0.5843478260869566,0.7089337175792507,0.09217877094972067,0.8099290780141843,0.5686274509803921,0.28421052631578947,0.6314606741573033
51,4,16,12,1048,0.605,0.6034782608695652,0.7109826589595376,0.08035714285714286,0.8137829912023461,0.48928571428571427,0.24468085106382978,0.5961538461538461
238,19,32,12,512,0.61,0.5852173913043478,0.7089337175792507,0.09217877094972067,0.8099290780141843,0.5647058823529412,0.28421052631578947,0.6292134831460674
178,14,32,12,512,0.6122,0.5747826086956521,0.7536231884057971,0.0975609756097561,0.826151560178306,0.49830508474576274,0.27472527472527475,0.5849056603773585
210,17,24,12,512,0.6092,0.6304347826086957,0.6739130434782609,0.08042895442359249,0.8057553956834532,0.468503937007874,0.2935323383084577,0.5736263736263736
182,15,16,12,512,0.6132,0.5878260869565217,0.7604790419161677,0.09198813056379822,0.834575260804769,0.4897260273972603,0.24598930481283424,0.592901878914405
98,8,16,12,512,0.608,0.6217391304347826,0.7038216560509554,0.09239130434782608,0.8137829912023461,0.5017543859649123,0.20218579234972678,0.6175213675213675
1,0,16,8,1048,0.6038,0.6095652173913043,0.6985507246376812,0.0771513353115727,0.8093841642228738,0.5,0.20786516853932585,0.6111111111111112
75,6,16,12,1048,0.6038,0.6060869565217392,0.6880733944954128,0.08882521489971347,0.8032544378698225,0.5052631578947369,0.2804232804232804,0.5907172995780591
156,13,16,8,512,0.5942,0.6208695652173913,0.7239263803680982,0.05337078651685393,0.8401759530791789,0.496551724137931,0.20786516853932585,0.6089743589743589
213,17,32,8,1048,0.609,0.6304347826086957,0.6739130434782609,0.08310991957104558,0.8043165467625899,0.4645669291338583,0.2935323383084577,0.5714285714285714
128,10,32,8,512,0.6146,0.5939130434782609,0.7039274924471299,0.10778443113772455,0.7984962406015037,0.5254237288135594,0.22631578947368422,0.622680412371134
204,17,16,8,512,0.6088,0.6304347826086957,0.6739130434782609,0.08042895442359249,0.8057553956834532,0.468503937007874,0.2935323383084577,0.5736263736263736
18,1,24,12,512,0.6134,0.6173913043478261,0.6539589442815249,0.11602209944751381,0.7724039829302988,0.4696969696969697,0.2786885245901639,0.5727069351230425
117,9,32,8,1048,0.611,0.6269565217391304,0.6904761904761905,0.0748663101604278,0.8140845070422535,0.4566929133858268,0.2849462365591398,0.5659090909090909
225,18,32,8,1048,0.6006,0.6330434782608696,0.7009646302250804,0.07365439093484419,0.8207831325301205,0.43884892086330934,0.2692307692307692,0.5637860082304527
187,15,24,12,1048,0.6118,0.5852173913043478,0.7694610778443114,0.09198813056379822,0.8390461997019374,0.4931506849315068,0.24064171122994651,0.5970772442588727
129,10,32,8,1048,0.6118,0.5895652173913043,0.7250755287009063,0.10479041916167664,0.8105263157894737,0.5288135593220339,0.21578947368421053,0.6288659793814433
41,3,24,8,1048,0.6078,0.591304347826087,0.7476038338658147,0.10422535211267606,0.8263473053892215,0.545774647887324,0.2222222222222222,0.6410788381742739
65,5,24,8,1048,0.6048,0.5826086956521739,0.7424657534246575,0.06666666666666667,0.8352112676056338,0.5703125,0.21739130434782608,0.6590909090909091
45,3,32,8,1048,0.607,0.591304347826087,0.7507987220447284,0.10140845070422536,0.8293413173652695,0.545774647887324,0.2222222222222222,0.6410788381742739
142,11,32,12,512,0.6144,0.6078260869565217,0.6972477064220184,0.1282051282051282,0.7876106194690266,0.47368421052631576,0.22994652406417113,0.5911016949152542
217,18,16,8,1048,0.6006,0.6278260869565218,0.7106109324758842,0.07365439093484419,0.8253012048192772,0.45323741007194246,0.2644230769230769,0.5740740740740741
94,7,32,12,512,0.6126,0.6052173913043478,0.6904761904761905,0.10682492581602374,0.7919762258543833,0.4896551724137931,0.23529411764705882,0.5974842767295597
107,8,32,12,1048,0.6068,0.6182608695652174,0.7101910828025477,0.08967391304347826,0.8181818181818182,0.519298245614035,0.1912568306010929,0.6324786324786325
31,2,24,12,1048,0.6124,0.5817391304347826,0.7421203438395415,0.09577464788732394,0.8238636363636364,0.5232558139534884,0.28191489361702127,0.6053811659192825
125,10,24,8,1048,0.613,0.591304347826087,0.716012084592145,0.10778443113772455,0.8045112781954887,0.5254237288135594,0.22105263157894736,0.6247422680412371
49,4,16,8,1048,0.6046,0.6034782608695652,0.7109826589595376,0.08035714285714286,0.8137829912023461,0.48928571428571427,0.24468085106382978,0.5961538461538461
166,13,32,12,512,0.5934,0.6191304347826087,0.7239263803680982,0.05337078651685393,0.8401759530791789,0.503448275862069,0.20786516853932585,0.6132478632478633
135,11,16,12,1048,0.6094,0.5930434782608696,0.72782874617737,0.12535612535612536,0.803834808259587,0.512280701754386,0.21390374331550802,0.6207627118644068
137,11,24,8,1048,0.61,0.5939130434782609,0.7247706422018348,0.12535612535612536,0.8023598820058997,0.512280701754386,0.21390374331550802,0.6207627118644068
69,5,32,8,1048,0.6044,0.5826086956521739,0.7424657534246575,0.06666666666666667,0.8352112676056338,0.56640625,0.22282608695652173,0.6545454545454545
147,12,16,12,1048,0.6076,0.6043478260869565,0.6871345029239766,0.08757062146892655,0.8017241379310345,0.49063670411985016,0.31016042780748665,0.5726872246696035
190,15,32,12,512,0.6142,0.5921739130434782,0.7544910179640718,0.09495548961424333,0.8301043219076006,0.476027397260274,0.24598930481283424,0.5845511482254697
59,4,32,12,1048,0.6048,0.6034782608695652,0.7109826589595376,0.08035714285714286,0.8137829912023461,0.48928571428571427,0.24468085106382978,0.5961538461538461
111,9,16,12,1048,0.6106,0.6260869565217392,0.6904761904761905,0.0748663101604278,0.8140845070422535,0.4645669291338583,0.27956989247311825,0.5727272727272728
236,19,32,8,512,0.6098,0.5852173913043478,0.7089337175792507,0.09217877094972067,0.8099290780141843,0.5647058823529412,0.28421052631578947,0.6292134831460674
216,18,16,8,512,0.6012,0.6313043478260869,0.7009646302250804,0.07365439093484419,0.8207831325301205,0.44964028776978415,0.2644230769230769,0.5720164609053497
72,6,16,8,512,0.6066,0.6095652173913043,0.6788990825688074,0.09742120343839542,0.7943786982248521,0.48771929824561405,0.2857142857142857,0.5780590717299579
189,15,32,8,1048,0.6118,0.5852173913043478,0.7694610778443114,0.09198813056379822,0.8390461997019374,0.4931506849315068,0.24064171122994651,0.5970772442588727
146,12,16,12,512,0.6088,0.6086956521739131,0.6842105263157895,0.08757062146892655,0.8002873563218391,0.47191011235955055,0.3155080213903743,0.5594713656387665
112,9,24,8,512,0.6076,0.6243478260869565,0.6994047619047619,0.06951871657754011,0.8211267605633803,0.468503937007874,0.27956989247311825,0.575
200,16,32,8,512,0.6026,0.6095652173913043,0.7100591715976331,0.08264462809917356,0.8174037089871612,0.5109489051094891,0.22285714285714286,0.6146993318485523
103,8,24,12,1048,0.6064,0.6182608695652174,0.7101910828025477,0.08967391304347826,0.8181818181818182,0.519298245614035,0.1912568306010929,0.6324786324786325
232,19,24,8,512,0.6092,0.5843478260869566,0.7089337175792507,0.09217877094972067,0.8099290780141843,0.5686274509803921,0.28421052631578947,0.6314606741573033
154,12,32,12,512,0.611,0.6086956521739131,0.6842105263157895,0.08757062146892655,0.8002873563218391,0.4681647940074906,0.32085561497326204,0.5550660792951542
186,15,24,12,512,0.6138,0.5904347826086956,0.7604790419161677,0.09198813056379822,0.834575260804769,0.4794520547945205,0.24598930481283424,0.5866388308977035
33,2,32,8,1048,0.6102,0.5808695652173913,0.7478510028653295,0.09577464788732394,0.8267045454545454,0.5232558139534884,0.2765957446808511,0.6076233183856502
164,13,32,8,512,0.5934,0.62,0.7239263803680982,0.05337078651685393,0.8401759530791789,0.5,0.20786516853932585,0.6111111111111112
153,12,32,8,1048,0.6082,0.6043478260869565,0.6871345029239766,0.08757062146892655,0.8017241379310345,0.4868913857677903,0.3155080213903743,0.5682819383259912
61,5,16,8,1048,0.6046,0.5826086956521739,0.7424657534246575,0.06666666666666667,0.8352112676056338,0.5703125,0.21739130434782608,0.6590909090909091
92,7,32,8,512,0.6124,0.6052173913043478,0.6904761904761905,0.10682492581602374,0.7919762258543833,0.4896551724137931,0.23529411764705882,0.5974842767295597
226,18,32,12,512,0.6008,0.6304347826086957,0.7009646302250804,0.07365439093484419,0.8207831325301205,0.45323741007194246,0.2644230769230769,0.5740740740740741
77,6,24,8,1048,0.604,0.6060869565217392,0.6880733944954128,0.08882521489971347,0.8032544378698225,0.5017543859649123,0.2857142857142857,0.5864978902953587
239,19,32,12,1048,0.6134,0.591304347826087,0.6887608069164265,0.09497206703910614,0.798581560283688,0.5607843137254902,0.28421052631578947,0.6269662921348315
206,17,16,12,512,0.609,0.6304347826086957,0.6739130434782609,0.08042895442359249,0.8057553956834532,0.468503937007874,0.2935323383084577,0.5736263736263736
52,4,24,8,512,0.5988,0.5930434782608696,0.7456647398843931,0.06547619047619048,0.8387096774193549,0.5142857142857142,0.23404255319148937,0.6153846153846154
2,0,16,12,512,0.6032,0.6086956521739131,0.7043478260869566,0.07418397626112759,0.8137829912023461,0.503448275862069,0.20224719101123595,0.6153846153846154
199,16,24,12,1048,0.6128,0.6278260869565218,0.665680473372781,0.09641873278236915,0.7888730385164051,0.45985401459854014,0.24,0.576837416481069
219,18,16,12,1048,0.6004,0.6295652173913043,0.707395498392283,0.07365439093484419,0.8237951807228916,0.4460431654676259,0.2692307692307692,0.5679012345679012
171,14,16,12,1048,0.6096,0.5730434782608695,0.7536231884057971,0.0975609756097561,0.826151560178306,0.5016949152542373,0.2802197802197802,0.5849056603773585
227,18,32,12,1048,0.6008,0.6347826086956522,0.6977491961414791,0.07365439093484419,0.8192771084337349,0.4352517985611511,0.2692307692307692,0.5617283950617284
159,13,16,12,1048,0.598,0.6269565217391304,0.7085889570552147,0.05337078651685393,0.8328445747800587,0.4827586206896552,0.21910112359550563,0.5961538461538461
123,10,16,12,1048,0.6128,0.5921739130434782,0.7129909365558912,0.10778443113772455,0.8030075187969925,0.5254237288135594,0.22105263157894736,0.6247422680412371
81,6,32,8,1048,0.6036,0.6060869565217392,0.6880733944954128,0.08882521489971347,0.8032544378698225,0.5017543859649123,0.2857142857142857,0.5864978902953587
228,19,16,8,512,0.6094,0.5843478260869566,0.7089337175792507,0.09217877094972067,0.8099290780141843,0.5686274509803921,0.28421052631578947,0.6314606741573033
78,6,24,12,512,0.6054,0.6069565217391304,0.6819571865443425,0.09742120343839542,0.7958579881656804,0.49473684210526314,0.2857142857142857,0.5822784810126582
209,17,24,8,1048,0.6098,0.6313043478260869,0.6708074534161491,0.08310991957104558,0.8028776978417266,0.4645669291338583,0.2935323383084577,0.5714285714285714
93,7,32,8,1048,0.6092,0.5991304347826087,0.7113095238095238,0.10385756676557864,0.8038632986627043,0.496551724137931,0.22994652406417113,0.6037735849056604
104,8,32,8,512,0.6084,0.6243478260869565,0.7006369426751592,0.09782608695652174,0.8093841642228738,0.48771929824561405,0.20218579234972678,0.6089743589743589
181,15,16,8,1048,0.6118,0.5852173913043478,0.7694610778443114,0.09198813056379822,0.8390461997019374,0.4931506849315068,0.24064171122994651,0.5970772442588727
169,14,16,8,1048,0.6094,0.5721739130434783,0.7536231884057971,0.0975609756097561,0.826151560178306,0.5050847457627119,0.2802197802197802,0.5870020964360587
4,0,24,8,512,0.6032,0.6086956521739131,0.7043478260869566,0.07418397626112759,0.8137829912023461,0.503448275862069,0.20224719101123595,0.6153846153846154
54,4,24,12,512,0.5994,0.5956521739130435,0.7369942196531792,0.06547619047619048,0.8343108504398827,0.5107142857142857,0.2393617021276596,0.6111111111111112
119,9,32,12,1048,0.6108,0.6269565217391304,0.6875,0.07754010695187166,0.8112676056338028,0.4566929133858268,0.2849462365591398,0.5659090909090909
167,13,32,12,1048,0.598,0.6269565217391304,0.7116564417177914,0.05337078651685393,0.8343108504398827,0.4827586206896552,0.21348314606741572,0.5982905982905983
126,10,24,12,512,0.615,0.5939130434782609,0.7039274924471299,0.10778443113772455,0.7984962406015037,0.5254237288135594,0.22631578947368422,0.622680412371134
184,15,24,8,512,0.613,0.5886956521739131,0.7604790419161677,0.09198813056379822,0.834575260804769,0.4863013698630137,0.24598930481283424,0.5908141962421712
43,3,24,12,1048,0.607,0.5904347826086956,0.7507987220447284,0.10422535211267606,0.8278443113772455,0.545774647887324,0.2222222222222222,0.6410788381742739
175,14,24,12,1048,0.6102,0.5739130434782609,0.7536231884057971,0.0975609756097561,0.826151560178306,0.49830508474576274,0.2802197802197802,0.5828092243186582
26,2,16,12,512,0.6166,0.5852173913043478,0.7363896848137536,0.10140845070422536,0.8181818181818182,0.5077519379844961,0.28191489361702127,0.5964125560538116
143,11,32,12,1048,0.6102,0.5930434782608696,0.7217125382262997,0.1282051282051282,0.799410029498525,0.512280701754386,0.2192513368983957,0.6186440677966102
141,11,32,8,1048,0.6102,0.5930434782608696,0.7217125382262997,0.1282051282051282,0.799410029498525,0.512280701754386,0.2192513368983957,0.6186440677966102
180,15,16,8,512,0.6128,0.5878260869565217,0.7604790419161677,0.09198813056379822,0.834575260804769,0.4931506849315068,0.24064171122994651,0.5970772442588727
207,17,16,12,1048,0.6096,0.6313043478260869,0.6708074534161491,0.08310991957104558,0.8028776978417266,0.4645669291338583,0.2935323383084577,0.5714285714285714
235,19,24,12,1048,0.6124,0.5895652173913043,0.6945244956772334,0.09497206703910614,0.8014184397163121,0.5607843137254902,0.28421052631578947,0.6269662921348315
144,12,16,8,512,0.6088,0.6078260869565217,0.6842105263157895,0.08757062146892655,0.8002873563218391,0.4756554307116105,0.3155080213903743,0.5616740088105727
68,5,32,8,512,0.604,0.5817391304347826,0.7424657534246575,0.06666666666666667,0.8352112676056338,0.57421875,0.21739130434782608,0.6613636363636364
106,8,32,12,512,0.609,0.6260869565217392,0.6942675159235668,0.09782608695652174,0.8064516129032258,0.48771929824561405,0.20218579234972678,0.6089743589743589
121,10,16,8,1048,0.614,0.591304347826087,0.7129909365558912,0.10778443113772455,0.8030075187969925,0.5254237288135594,0.22631578947368422,0.622680412371134
188,15,32,8,512,0.6142,0.5921739130434782,0.7544910179640718,0.09495548961424333,0.8301043219076006,0.476027397260274,0.24598930481283424,0.5845511482254697
64,5,24,8,512,0.6046,0.5817391304347826,0.7424657534246575,0.06666666666666667,0.8352112676056338,0.57421875,0.21739130434782608,0.6613636363636364
5,0,24,8,1048,0.6046,0.6095652173913043,0.6956521739130435,0.0771513353115727,0.8079178885630498,0.5,0.21348314606741572,0.6089743589743589
36,3,16,8,512,0.6108,0.5921739130434782,0.7412140575079872,0.10422535211267606,0.8233532934131736,0.5387323943661971,0.23737373737373738,0.6307053941908713
99,8,16,12,1048,0.6064,0.6191304347826087,0.7101910828025477,0.08967391304347826,0.8181818181818182,0.5157894736842106,0.1912568306010929,0.6303418803418803
12,1,16,8,512,0.6124,0.6165217391304347,0.6598240469208211,0.11602209944751381,0.7752489331436699,0.4696969696969697,0.273224043715847,0.5749440715883669
8,0,32,8,512,0.6042,0.6086956521739131,0.6985507246376812,0.0771513353115727,0.8093841642228738,0.503448275862069,0.20786516853932585,0.6132478632478633
14,1,16,12,512,0.614,0.6182608695652174,0.656891495601173,0.11602209944751381,0.7738264580369844,0.4659090909090909,0.273224043715847,0.5727069351230425
115,9,24,12,1048,0.611,0.6269565217391304,0.6904761904761905,0.0748663101604278,0.8140845070422535,0.4566929133858268,0.2849462365591398,0.5659090909090909
130,10,32,12,512,0.6144,0.5939130434782609,0.7039274924471299,0.10778443113772455,0.7984962406015037,0.5254237288135594,0.22631578947368422,0.622680412371134
140,11,32,8,512,0.6144,0.6069565217391304,0.6972477064220184,0.1282051282051282,0.7876106194690266,0.47719298245614034,0.22994652406417113,0.5932203389830508
124,10,24,8,512,0.6142,0.5930434782608696,0.7099697885196374,0.10778443113772455,0.8015037593984963,0.5254237288135594,0.22105263157894736,0.6247422680412371
32,2,32,8,512,0.6122,0.5817391304347826,0.7421203438395415,0.09577464788732394,0.8238636363636364,0.5271317829457365,0.2765957446808511,0.6098654708520179
0,0,16,8,512,0.6024,0.6104347826086957,0.7043478260869566,0.0712166172106825,0.8152492668621701,0.503448275862069,0.19662921348314608,0.6175213675213675
136,11,24,8,512,0.614,0.6034782608695652,0.7033639143730887,0.1282051282051282,0.7905604719764012,0.4842105263157895,0.22994652406417113,0.597457627118644
220,18,24,8,512,0.6008,0.6313043478260869,0.7009646302250804,0.07365439093484419,0.8207831325301205,0.44964028776978415,0.2644230769230769,0.5720164609053497
6,0,24,12,512,0.6042,0.6086956521739131,0.7014492753623188,0.07418397626112759,0.8123167155425219,0.503448275862069,0.20786516853932585,0.6132478632478633
87,7,16,12,1048,0.6062,0.5939130434782609,0.7172619047619048,0.10385756676557864,0.8068350668647846,0.5103448275862069,0.22994652406417113,0.6121593291404612
70,5,32,12,512,0.6038,0.5817391304347826,0.7452054794520548,0.06666666666666667,0.8366197183098592,0.57421875,0.21195652173913043,0.6636363636363637
237,19,32,8,1048,0.6134,0.591304347826087,0.6887608069164265,0.09497206703910614,0.798581560283688,0.5607843137254902,0.28421052631578947,0.6269662921348315
127,10,24,12,1048,0.611,0.5886956521739131,0.7250755287009063,0.10778443113772455,0.8090225563909774,0.5254237288135594,0.22105263157894736,0.6247422680412371
86,7,16,12,512,0.6126,0.6043478260869565,0.6934523809523809,0.10682492581602374,0.7934621099554234,0.4896551724137931,0.23529411764705882,0.5974842767295597
177,14,32,8,1048,0.6112,0.5739130434782609,0.7536231884057971,0.0975609756097561,0.826151560178306,0.49830508474576274,0.2802197802197802,0.5828092243186582
197,16,24,8,1048,0.6128,0.6278260869565218,0.665680473372781,0.09641873278236915,0.7888730385164051,0.45985401459854014,0.24,0.576837416481069
223,18,24,12,1048,0.6008,0.6330434782608696,0.7009646302250804,0.07365439093484419,0.8207831325301205,0.43884892086330934,0.2692307692307692,0.5637860082304527
80,6,32,8,512,0.6054,0.6069565217391304,0.6850152905198776,0.09742120343839542,0.7973372781065089,0.49122807017543857,0.2857142857142857,0.580168776371308
139,11,24,12,1048,0.61,0.5939130434782609,0.7217125382262997,0.12535612535612536,0.8008849557522124,0.512280701754386,0.2192513368983957,0.6186440677966102
212,17,32,8,512,0.6092,0.6304347826086957,0.6739130434782609,0.08042895442359249,0.8057553956834532,0.468503937007874,0.2935323383084577,0.5736263736263736
221,18,24,8,1048,0.601,0.6313043478260869,0.7041800643086816,0.07365439093484419,0.822289156626506,0.44244604316546765,0.2692307692307692,0.565843621399177
218,18,16,12,512,0.6006,0.6313043478260869,0.7009646302250804,0.07365439093484419,0.8207831325301205,0.44964028776978415,0.2644230769230769,0.5720164609053497
3,0,16,12,1048,0.6044,0.6095652173913043,0.6956521739130435,0.0771513353115727,0.8079178885630498,0.5,0.21348314606741572,0.6089743589743589
95,7,32,12,1048,0.6092,0.5991304347826087,0.7113095238095238,0.10385756676557864,0.8038632986627043,0.496551724137931,0.22994652406417113,0.6037735849056604
13,1,16,8,1048,0.6116,0.6182608695652174,0.6656891495601173,0.1132596685082873,0.7795163584637269,0.4696969696969697,0.2568306010928962,0.5816554809843401
110,9,16,12,512,0.6072,0.6243478260869565,0.6994047619047619,0.06951871657754011,0.8211267605633803,0.468503937007874,0.27956989247311825,0.575
174,14,24,12,512,0.612,0.5756521739130435,0.7536231884057971,0.09451219512195122,0.8276374442793462,0.49830508474576274,0.27472527472527475,0.5849056603773585
163,13,24,12,1048,0.5976,0.6269565217391304,0.7085889570552147,0.05337078651685393,0.8328445747800587,0.4827586206896552,0.21910112359550563,0.5961538461538461
82,6,32,12,512,0.6058,0.6078260869565217,0.6819571865443425,0.09742120343839542,0.7958579881656804,0.49122807017543857,0.2857142857142857,0.580168776371308
7,0,24,12,1048,0.6052,0.6095652173913043,0.6956521739130435,0.0771513353115727,0.8079178885630498,0.5,0.21348314606741572,0.6089743589743589
88,7,24,8,512,0.6126,0.6043478260869565,0.6934523809523809,0.10682492581602374,0.7934621099554234,0.4896551724137931,0.23529411764705882,0.5974842767295597
84,7,16,8,512,0.6128,0.6043478260869565,0.6934523809523809,0.10682492581602374,0.7934621099554234,0.4896551724137931,0.23529411764705882,0.5974842767295597
185,15,24,8,1048,0.6118,0.5852173913043478,0.7694610778443114,0.09198813056379822,0.8390461997019374,0.4931506849315068,0.24064171122994651,0.5970772442588727
233,19,24,8,1048,0.6134,0.5904347826086956,0.69164265129683,0.09497206703910614,0.8,0.5607843137254902,0.28421052631578947,0.6269662921348315
109,9,16,8,1048,0.6108,0.6260869565217392,0.6904761904761905,0.0748663101604278,0.8140845070422535,0.4645669291338583,0.27956989247311825,0.5727272727272728
102,8,24,12,512,0.6084,0.6226086956521739,0.7006369426751592,0.09782608695652174,0.8093841642228738,0.49473684210526314,0.20218579234972678,0.6132478632478633
192,16,16,8,512,0.6044,0.611304347826087,0.7071005917159763,0.08264462809917356,0.8159771754636234,0.5072992700729927,0.22285714285714286,0.6124721603563474
215,17,32,12,1048,0.6092,0.6313043478260869,0.6708074534161491,0.08310991957104558,0.8028776978417266,0.4645669291338583,0.2935323383084577,0.5714285714285714
162,13,24,12,512,0.5934,0.6191304347826087,0.7239263803680982,0.05337078651685393,0.8401759530791789,0.503448275862069,0.20786516853932585,0.6132478632478633
170,14,16,12,512,0.611,0.5739130434782609,0.7536231884057971,0.09451219512195122,0.8276374442793462,0.5050847457627119,0.27472527472527475,0.589098532494759
176,14,32,8,512,0.6124,0.5747826086956521,0.7536231884057971,0.0975609756097561,0.826151560178306,0.49830508474576274,0.27472527472527475,0.5849056603773585
224,18,32,8,512,0.601,0.6313043478260869,0.7009646302250804,0.07365439093484419,0.8207831325301205,0.44964028776978415,0.2644230769230769,0.5720164609053497
183,15,16,12,1048,0.6118,0.5852173913043478,0.7694610778443114,0.09198813056379822,0.8390461997019374,0.4931506849315068,0.24064171122994651,0.5970772442588727
132,11,16,8,512,0.6138,0.6034782608695652,0.7033639143730887,0.1282051282051282,0.7905604719764012,0.4842105263157895,0.22994652406417113,0.597457627118644
116,9,32,8,512,0.6076,0.6243478260869565,0.6994047619047619,0.06951871657754011,0.8211267605633803,0.468503937007874,0.27956989247311825,0.575
96,8,16,8,512,0.6074,0.6217391304347826,0.7070063694267515,0.09239130434782608,0.8152492668621701,0.5017543859649123,0.19672131147540983,0.6196581196581197
202,16,32,12,512,0.603,0.6095652173913043,0.7100591715976331,0.08264462809917356,0.8174037089871612,0.5109489051094891,0.22285714285714286,0.6146993318485523
50,4,16,12,512,0.5978,0.5930434782608696,0.7456647398843931,0.06547619047619048,0.8387096774193549,0.5142857142857142,0.23404255319148937,0.6153846153846154
131,10,32,12,1048,0.6114,0.5904347826086956,0.7250755287009063,0.10479041916167664,0.8105263157894737,0.5288135593220339,0.21052631578947367,0.6309278350515464
191,15,32,12,1048,0.6118,0.5852173913043478,0.7694610778443114,0.09198813056379822,0.8390461997019374,0.4931506849315068,0.24064171122994651,0.5970772442588727
155,12,32,12,1048,0.6086,0.6052173913043478,0.6842105263157895,0.08757062146892655,0.8002873563218391,0.4868913857677903,0.3155080213903743,0.5682819383259912
22,1,32,12,512,0.6138,0.6173913043478261,0.6539589442815249,0.11602209944751381,0.7724039829302988,0.4696969696969697,0.2786885245901639,0.5727069351230425
21,1,32,8,1048,0.6132,0.6191304347826087,0.6598240469208211,0.11602209944751381,0.7752489331436699,0.4696969696969697,0.2568306010928962,0.5816554809843401
168,14,16,8,512,0.6106,0.5730434782608695,0.7536231884057971,0.09451219512195122,0.8276374442793462,0.5084745762711864,0.27472527472527475,0.5911949685534591
27,2,16,12,1048,0.6128,0.5834782608695652,0.7392550143266475,0.09577464788732394,0.8224431818181818,0.5193798449612403,0.28191489361702127,0.6031390134529148
16,1,24,8,512,0.6138,0.6182608695652174,0.6539589442815249,0.11602209944751381,0.7724039829302988,0.4659090909090909,0.2786885245901639,0.5704697986577181
37,3,16,8,1048,0.6102,0.5930434782608696,0.7412140575079872,0.10422535211267606,0.8233532934131736,0.5422535211267606,0.22727272727272727,0.6369294605809128
222,18,24,12,512,0.6008,0.6313043478260869,0.7009646302250804,0.07365439093484419,0.8207831325301205,0.44964028776978415,0.2644230769230769,0.5720164609053497
48,4,16,8,512,0.5958,0.5886956521739131,0.7543352601156069,0.0625,0.844574780058651,0.525,0.23404255319148937,0.6217948717948718
67,5,24,12,1048,0.6044,0.5826086956521739,0.7424657534246575,0.06666666666666667,0.8352112676056338,0.5703125,0.21739130434782608,0.6590909090909091
201,16,32,8,1048,0.6124,0.6278260869565218,0.665680473372781,0.09641873278236915,0.7888730385164051,0.45985401459854014,0.24,0.576837416481069
105,8,32,8,1048,0.607,0.6182608695652174,0.7101910828025477,0.08967391304347826,0.8181818181818182,0.519298245614035,0.1912568306010929,0.6324786324786325
85,7,16,8,1048,0.605,0.5939130434782609,0.7172619047619048,0.10385756676557864,0.8068350668647846,0.5137931034482759,0.22459893048128343,0.6163522012578616
165,13,32,8,1048,0.5978,0.6269565217391304,0.7085889570552147,0.05337078651685393,0.8328445747800587,0.4827586206896552,0.21910112359550563,0.5961538461538461
71,5,32,12,1048,0.6048,0.5817391304347826,0.7424657534246575,0.06666666666666667,0.8352112676056338,0.56640625,0.22826086956521738,0.6522727272727272
161,13,24,8,1048,0.5978,0.6269565217391304,0.7085889570552147,0.05337078651685393,0.8328445747800587,0.4827586206896552,0.21910112359550563,0.5961538461538461
83,6,32,12,1048,0.603,0.6052173913043478,0.691131498470948,0.08882521489971347,0.8047337278106509,0.5017543859649123,0.2857142857142857,0.5864978902953587
203,16,32,12,1048,0.612,0.6278260869565218,0.6686390532544378,0.09641873278236915,0.7902995720399429,0.45985401459854014,0.2342857142857143,0.579064587973274
211,17,24,12,1048,0.6098,0.6313043478260869,0.6708074534161491,0.08310991957104558,0.8028776978417266,0.4645669291338583,0.2935323383084577,0.5714285714285714
160,13,24,8,512,0.5938,0.62,0.7239263803680982,0.05337078651685393,0.8401759530791789,0.5,0.20786516853932585,0.6111111111111112
229,19,16,8,1048,0.6138,0.591304347826087,0.6887608069164265,0.09497206703910614,0.798581560283688,0.5607843137254902,0.28421052631578947,0.6269662921348315
133,11,16,8,1048,0.6082,0.5921739130434782,0.7308868501529052,0.12535612535612536,0.8053097345132744,0.512280701754386,0.21390374331550802,0.6207627118644068
179,14,32,12,1048,0.6112,0.5739130434782609,0.7536231884057971,0.0975609756097561,0.826151560178306,0.49830508474576274,0.2802197802197802,0.5828092243186582
122,10,16,12,512,0.6132,0.5930434782608696,0.7099697885196374,0.10778443113772455,0.8015037593984963,0.5254237288135594,0.22105263157894736,0.6247422680412371
214,17,32,12,512,0.609,0.6304347826086957,0.6739130434782609,0.08042895442359249,0.8057553956834532,0.468503937007874,0.2935323383084577,0.5736263736263736
157,13,16,8,1048,0.598,0.6278260869565218,0.7085889570552147,0.05337078651685393,0.8328445747800587,0.4793103448275862,0.21910112359550563,0.594017094017094
63,5,16,12,1048,0.6048,0.5834782608695652,0.7424657534246575,0.06666666666666667,0.8352112676056338,0.5703125,0.21195652173913043,0.6613636363636364
151,12,24,12,1048,0.6074,0.6043478260869565,0.6871345029239766,0.08757062146892655,0.8017241379310345,0.4868913857677903,0.3155080213903743,0.5682819383259912
74,6,16,12,512,0.6058,0.6078260869565217,0.6819571865443425,0.09742120343839542,0.7958579881656804,0.49122807017543857,0.2857142857142857,0.580168776371308
35,2,32,12,1048,0.6102,0.5808695652173913,0.7478510028653295,0.09577464788732394,0.8267045454545454,0.5232558139534884,0.2765957446808511,0.6076233183856502
9,0,32,8,1048,0.605,0.6095652173913043,0.6956521739130435,0.0771513353115727,0.8079178885630498,0.5,0.21348314606741572,0.6089743589743589
62,5,16,12,512,0.6042,0.5817391304347826,0.7424657534246575,0.06666666666666667,0.8352112676056338,0.57421875,0.21739130434782608,0.6613636363636364
196,16,24,8,512,0.6026,0.6095652173913043,0.7100591715976331,0.08264462809917356,0.8174037089871612,0.5109489051094891,0.22285714285714286,0.6146993318485523
205,17,16,8,1048,0.6092,0.6304347826086957,0.6739130434782609,0.08310991957104558,0.8043165467625899,0.4645669291338583,0.2935323383084577,0.5714285714285714
39,3,16,12,1048,0.6092,0.5921739130434782,0.744408945686901,0.10422535211267606,0.8248502994011976,0.5422535211267606,0.22727272727272727,0.6369294605809128
108,9,16,8,512,0.6076,0.6234782608695653,0.6994047619047619,0.07219251336898395,0.819718309859155,0.468503937007874,0.27956989247311825,0.575
79,6,24,12,1048,0.6038,0.6060869565217392,0.6880733944954128,0.08882521489971347,0.8032544378698225,0.5017543859649123,0.2857142857142857,0.5864978902953587
29,2,24,8,1048,0.6126,0.5826086956521739,0.7392550143266475,0.09577464788732394,0.8224431818181818,0.5232558139534884,0.28191489361702127,0.6053811659192825
76,6,24,8,512,0.605,0.6060869565217392,0.6850152905198776,0.09742120343839542,0.7973372781065089,0.49473684210526314,0.2857142857142857,0.5822784810126582
17,1,24,8,1048,0.6122,0.6191304347826087,0.6627565982404692,0.1132596685082873,0.7780938833570412,0.4696969696969697,0.2568306010928962,0.5816554809843401
173,14,24,8,1048,0.6098,0.5739130434782609,0.7536231884057971,0.0975609756097561,0.826151560178306,0.49830508474576274,0.2802197802197802,0.5828092243186582
231,19,16,12,1048,0.6136,0.591304347826087,0.6887608069164265,0.09497206703910614,0.798581560283688,0.5607843137254902,0.28421052631578947,0.6269662921348315
97,8,16,8,1048,0.6064,0.6191304347826087,0.7101910828025477,0.08967391304347826,0.8181818181818182,0.5157894736842106,0.1912568306010929,0.6303418803418803
113,9,24,8,1048,0.6108,0.6269565217391304,0.6904761904761905,0.0748663101604278,0.8140845070422535,0.46062992125984253,0.27956989247311825,0.5704545454545454
89,7,24,8,1048,0.6084,0.5965217391304348,0.7113095238095238,0.10385756676557864,0.8038632986627043,0.506896551724138,0.22994652406417113,0.610062893081761
193,16,16,8,1048,0.6114,0.6269565217391304,0.6715976331360947,0.09641873278236915,0.7917261055634808,0.45985401459854014,0.2342857142857143,0.579064587973274
55,4,24,12,1048,0.6046,0.6034782608695652,0.7109826589595376,0.08035714285714286,0.8137829912023461,0.48928571428571427,0.24468085106382978,0.5961538461538461
19,1,24,12,1048,0.6136,0.6191304347826087,0.6598240469208211,0.11602209944751381,0.7752489331436699,0.4696969696969697,0.2568306010928962,0.5816554809843401
15,1,16,12,1048,0.6122,0.6182608695652174,0.6656891495601173,0.1132596685082873,0.7795163584637269,0.4696969696969697,0.2568306010928962,0.5816554809843401
91,7,24,12,1048,0.6082,0.5982608695652174,0.7113095238095238,0.10385756676557864,0.8038632986627043,0.5,0.22994652406417113,0.6058700209643606
149,12,24,8,1048,0.6074,0.6052173913043478,0.6871345029239766,0.08757062146892655,0.8017241379310345,0.4868913857677903,0.31016042780748665,0.5704845814977973
