0, 10, 33, 410, 6175, 2, 1, 3, 0, 101, 3, 121, 19, 141, 151, 1, 172, 1, 2, 2
2, 5, 34, 49, 4868, 1, 3, 2, 0, 103, 1, 124, 70, 143, 152, 4, 172, 1, 1, 2
1, 16, 34, 45, 9514, 4, 2, 4, 0, 102, 3, 124, 59, 142, 153, 1, 171, 2, 1, 1
1, 26, 33, 44, 9596, 4, 3, 2, 0, 101, 1, 121, 28, 143, 151, 2, 171, 1, 1, 2
0, 43, 32, 40, 16012, 0, 3, 3, 0, 101, 1, 123, 71, 141, 151, 2, 173, 1, 1, 2
0, 12, 33, 49, 17536, 2, 5, 4, 0, 103, 1, 122, 30, 142, 151, 2, 173, 1, 1, 1
0, 22, 34, 48, 1532, 0, 2, 4, 0, 102, 4, 122, 70, 143, 151, 4, 174, 1, 2, 1
1, 40, 33, 48, 15601, 4, 1, 2, 0, 101, 4, 122, 39, 143, 153, 1, 173, 2, 1, 2
0, 25, 30, 40, 10897, 0, 2, 3, 0, 103, 4, 123, 53, 141, 153, 3, 171, 2, 2, 2
2, 45, 33, 43, 11795, 0, 5, 4, 0, 103, 4, 121, 21, 142, 153, 4, 172, 1, 2, 2
2, 69, 34, 45, 17646, 2, 5, 4, 0, 102, 1, 121, 69, 142, 153, 2, 172, 2, 1, 2
3, 34, 34, 41, 15321, 2, 1, 1, 0, 102, 1, 123, 38, 142, 152, 4, 174, 2, 2, 1
2, 6, 30, 46, 16603, 4, 5, 1, 0, 103, 4, 122, 36, 143, 153, 3, 171, 1, 2, 1
3, 6, 33, 45, 16669, 0, 3, 4, 0, 103, 4, 121, 22, 141, 153, 3, 174, 1, 2, 1
2, 9, 34, 49, 8561, 1, 4, 3, 0, 101, 4, 124, 22, 142, 152, 4, 174, 1, 2, 1
3, 29, 31, 45, 2596, 0, 2, 2, 0, 103, 1, 121, 71, 143, 152, 4, 173, 2, 2, 2
1, 62, 34, 49, 11653, 4, 3, 3, 0, 102, 4, 124, 30, 143, 152, 4, 172, 2, 2, 2
1, 63, 31, 42, 10063, 0, 1, 1, 0, 102, 4, 121, 40, 143, 151, 2, 173, 2, 2, 2
0, 71, 31, 43, 10546, 3, 2, 2, 0, 103, 2, 123, 36, 142, 153, 1, 171, 2, 2, 2
2, 10, 31, 40, 525, 4, 4, 2, 0, 103, 3, 124, 74, 142, 153, 1, 172, 1, 1, 2
1, 7, 32, 48, 17750, 3, 3, 2, 0, 102, 1, 121, 48, 141, 153, 1, 171, 1, 1, 2
0, 48, 31, 40, 9849, 4, 3, 1, 0, 103, 4, 124, 70, 142, 153, 1, 174, 2, 1, 1
3, 30, 30, 45, 17838, 0, 1, 1, 0, 102, 2, 122, 65, 141, 152, 1, 171, 2, 1, 2
3, 43, 33, 43, 17023, 4, 4, 3, 0, 101, 4, 121, 62, 142, 151, 1, 171, 2, 1, 1
2, 30, 32, 45, 4577, 1, 4, 2, 0, 101, 1, 121, 51, 142, 152, 4, 171, 2, 1, 1
3, 14, 31, 40, 14677, 0, 4, 3, 0, 103, 2, 121, 71, 142, 151, 1, 173, 1, 2, 2
0, 63, 32, 46, 3700, 3, 3, 4, 0, 103, 2, 124, 61, 143, 153, 3, 174, 2, 2, 1
3, 69, 31, 43, 9581, 1, 5, 1, 0, 103, 4, 124, 49, 143, 151, 4, 172, 2, 2, 2
2, 18, 30, 48, 17274, 0, 3, 3, 0, 101, 1, 121, 29, 141, 153, 4, 173, 2, 1, 1
3, 59, 32, 44, 8163, 3, 5, 3, 0, 101, 4, 121, 26, 142, 153, 3, 174, 1, 1, 2
0, 41, 33, 42, 18206, 3, 4, 3, 0, 102, 2, 123, 30, 142, 152, 1, 173, 2, 2, 1
0, 19, 31, 41, 8984, 4, 1, 4, 0, 101, 3, 124, 62, 141, 151, 2, 173, 1, 2, 2
3, 7, 34, 49, 15485, 2, 1, 3, 0, 103, 2, 124, 64, 141, 153, 3, 174, 1, 1, 1
2, 68, 34, 410, 17528, 1, 4, 4, 0, 103, 2, 123, 54, 142, 151, 1, 174, 2, 1, 2
0, 11, 34, 410, 6744, 2, 5, 4, 0, 101, 1, 122, 67, 142, 153, 4, 174, 2, 2, 2
0, 9, 31, 45, 3817, 2, 4, 2, 0, 101, 1, 123, 40, 141, 152, 1, 171, 1, 1, 1
3, 62, 32, 45, 7307, 2, 3, 4, 0, 103, 1, 121, 47, 143, 153, 4, 174, 2, 2, 1
2, 37, 34, 40, 18177, 1, 2, 4, 0, 103, 2, 124, 48, 142, 153, 2, 173, 2, 1, 2
3, 57, 34, 42, 3246, 3, 4, 1, 0, 102, 1, 122, 22, 143, 151, 1, 172, 1, 1, 2
1, 42, 34, 40, 18134, 0, 4, 4, 0, 103, 1, 122, 66, 143, 153, 1, 172, 2, 1, 1
3, 28, 33, 45, 13484, 4, 5, 1, 0, 101, 3, 123, 29, 141, 153, 3, 171, 2, 1, 1
2, 42, 30, 41, 10478, 3, 1, 2, 0, 101, 1, 121, 37, 142, 153, 1, 172, 2, 1, 2
2, 30, 31, 44, 2072, 1, 5, 4, 0, 103, 1, 123, 48, 143, 153, 4, 171, 2, 1, 1
2, 37, 31, 410, 2122, 4, 4, 1, 0, 103, 2, 122, 21, 141, 152, 1, 172, 2, 2, 2
3, 20, 32, 48, 7312, 2, 1, 3, 0, 102, 1, 123, 33, 141, 151, 3, 173, 2, 2, 2
1, 67, 34, 40, 3811, 3, 4, 3, 0, 101, 1, 124, 71, 141, 151, 4, 171, 1, 1, 2
2, 31, 33, 40, 3864, 2, 3, 2, 0, 103, 1, 122, 56, 142, 152, 3, 172, 2, 1, 2
2, 58, 33, 48, 11294, 1, 2, 3, 0, 101, 3, 124, 61, 143, 153, 4, 174, 2, 2, 2
3, 46, 31, 45, 4546, 4, 3, 3, 0, 103, 2, 124, 32, 143, 151, 4, 171, 2, 1, 2
2, 26, 32, 49, 17284, 3, 2, 3, 0, 103, 4, 121, 69, 141, 153, 2, 174, 2, 1, 2
3, 67, 32, 40, 16987, 0, 3, 1, 0, 101, 2, 124, 26, 141, 151, 3, 172, 1, 2, 1
2, 14, 30, 43, 10740, 2, 2, 1, 0, 101, 2, 123, 24, 141, 153, 2, 172, 2, 1, 1
2, 70, 31, 46, 11827, 3, 4, 4, 0, 101, 1, 123, 50, 143, 152, 4, 173, 1, 2, 2
1, 18, 30, 40, 3987, 0, 1, 3, 0, 101, 1, 122, 59, 143, 153, 3, 172, 1, 1, 2
2, 53, 34, 48, 14282, 3, 5, 4, 0, 102, 3, 123, 32, 142, 153, 2, 171, 2, 1, 2
3, 48, 33, 46, 4667, 0, 2, 4, 0, 103, 1, 124, 28, 142, 153, 2, 174, 2, 1, 2
2, 56, 31, 48, 14562, 4, 3, 2, 0, 103, 4, 124, 46, 141, 151, 2, 171, 2, 2, 2
0, 55, 33, 44, 5921, 0, 5, 3, 0, 102, 1, 122, 65, 143, 151, 1, 173, 2, 1, 1
2, 32, 34, 40, 16292, 4, 3, 2, 0, 103, 1, 121, 71, 141, 151, 1, 171, 1, 2, 1
2, 11, 31, 48, 9735, 1, 5, 4, 0, 101, 2, 123, 25, 143, 153, 4, 171, 2, 1, 1
2, 66, 33, 410, 13896, 1, 2, 4, 0, 103, 2, 121, 20, 141, 152, 2, 172, 2, 2, 2
3, 25, 33, 41, 14322, 3, 5, 1, 0, 101, 2, 122, 66, 142, 151, 2, 172, 1, 2, 2
3, 22, 34, 49, 13601, 1, 3, 1, 0, 102, 1, 124, 65, 142, 153, 4, 171, 1, 2, 2
2, 56, 30, 49, 11837, 3, 3, 2, 0, 103, 2, 124, 53, 141, 151, 2, 172, 1, 2, 1
1, 46, 34, 410, 1155, 3, 2, 3, 0, 103, 3, 124, 64, 142, 151, 1, 174, 1, 1, 1
3, 32, 31, 48, 8316, 4, 4, 3, 0, 102, 4, 123, 50, 142, 151, 1, 174, 1, 1, 2
2, 54, 32, 41, 15650, 3, 3, 2, 0, 102, 3, 123, 58, 141, 151, 2, 173, 2, 1, 1
0, 12, 33, 44, 5927, 2, 1, 2, 0, 103, 4, 123, 39, 142, 151, 4, 172, 2, 2, 2
2, 24, 32, 41, 15360, 4, 1, 2, 0, 101, 2, 124, 47, 141, 151, 1, 173, 1, 1, 2
2, 5, 33, 45, 12537, 2, 4, 2, 0, 102, 3, 121, 34, 143, 152, 2, 171, 1, 1, 2
0, 68, 31, 44, 3192, 0, 5, 1, 0, 103, 1, 123, 31, 142, 151, 3, 171, 1, 1, 1
0, 19, 31, 40, 2850, 3, 3, 1, 0, 102, 1, 123, 22, 143, 153, 1, 173, 2, 1, 1
3, 36, 34, 40, 5113, 1, 5, 4, 0, 101, 4, 122, 29, 142, 152, 1, 173, 1, 2, 1
1, 46, 33, 44, 14128, 4, 1, 3, 0, 103, 1, 124, 63, 142, 153, 2, 174, 1, 1, 2
3, 66, 32, 41, 7869, 1, 2, 1, 0, 103, 4, 122, 33, 141, 152, 2, 174, 2, 2, 2
0, 34, 31, 49, 16907, 4, 4, 1, 0, 101, 2, 122, 33, 141, 151, 2, 174, 1, 2, 2
3, 19, 33, 410, 4168, 2, 5, 2, 0, 103, 4, 122, 64, 142, 151, 1, 174, 2, 1, 2
0, 59, 31, 49, 2318, 0, 1, 3, 0, 103, 2, 122, 57, 143, 152, 2, 171, 2, 2, 1
0, 36, 31, 40, 18332, 1, 5, 1, 0, 103, 2, 122, 50, 143, 151, 4, 174, 1, 2, 2
1, 22, 32, 43, 13556, 1, 1, 4, 0, 102, 2, 124, 66, 141, 153, 4, 171, 1, 1, 2
2, 45, 34, 44, 6266, 1, 2, 4, 0, 103, 2, 124, 63, 142, 152, 4, 173, 1, 2, 2
0, 68, 33, 48, 14872, 3, 5, 3, 0, 103, 1, 123, 39, 141, 153, 4, 172, 1, 1, 2
0, 21, 30, 48, 11063, 4, 3, 2, 0, 101, 4, 121, 48, 141, 151, 2, 173, 1, 1, 2
3, 15, 30, 41, 10067, 3, 5, 2, 0, 101, 1, 121, 25, 142, 151, 4, 174, 1, 2, 1
3, 31, 30, 41, 15160, 2, 1, 2, 0, 102, 3, 123, 23, 142, 152, 1, 173, 2, 1, 2
0, 34, 33, 42, 13083, 3, 3, 4, 0, 102, 2, 124, 61, 143, 153, 1, 173, 1, 1, 2
3, 62, 30, 42, 6918, 0, 1, 2, 0, 101, 3, 124, 74, 143, 151, 2, 173, 1, 2, 2
1, 48, 31, 40, 15925, 4, 3, 2, 0, 102, 2, 124, 58, 143, 151, 4, 172, 1, 2, 2
1, 57, 31, 41, 16227, 0, 5, 4, 0, 102, 3, 121, 29, 142, 152, 3, 174, 2, 2, 2
0, 27, 32, 410, 13697, 3, 5, 4, 0, 103, 2, 121, 34, 143, 151, 4, 174, 2, 2, 1
3, 29, 32, 49, 10530, 0, 4, 3, 0, 102, 3, 123, 51, 141, 152, 1, 173, 1, 1, 1
2, 8, 34, 40, 16928, 2, 4, 2, 0, 102, 4, 122, 30, 143, 153, 3, 174, 1, 2, 2
0, 53, 30, 44, 10413, 4, 4, 2, 0, 103, 4, 124, 67, 142, 152, 1, 171, 1, 1, 1
1, 16, 32, 49, 17814, 0, 1, 4, 0, 101, 4, 121, 22, 142, 153, 2, 174, 1, 2, 1
1, 32, 31, 45, 13936, 3, 2, 1, 0, 103, 3, 123, 41, 143, 151, 1, 171, 1, 2, 2
3, 44, 30, 49, 4499, 2, 5, 4, 0, 101, 2, 122, 26, 141, 153, 3, 171, 2, 2, 2
3, 10, 32, 42, 4311, 3, 2, 1, 0, 102, 3, 123, 51, 143, 152, 1, 172, 1, 1, 2
0, 33, 30, 410, 6828, 1, 3, 4, 0, 103, 1, 122, 27, 142, 151, 3, 172, 2, 1, 2
2, 11, 34, 48, 7428, 2, 3, 4, 0, 101, 1, 124, 67, 141, 153, 3, 173, 2, 1, 2
0, 65, 33, 410, 3164, 0, 3, 1, 0, 101, 1, 122, 74, 141, 151, 1, 174, 2, 2, 1
2, 24, 32, 40, 6129, 1, 5, 2, 0, 103, 1, 124, 41, 142, 152, 1, 172, 1, 1, 2
2, 50, 30, 43, 7426, 4, 5, 2, 0, 101, 2, 124, 72, 143, 152, 3, 172, 2, 2, 1
1, 46, 34, 48, 11769, 3, 3, 2, 0, 103, 3, 122, 56, 142, 153, 3, 174, 1, 2, 2
1, 57, 32, 46, 496, 4, 4, 2, 0, 103, 4, 123, 70, 143, 153, 2, 172, 2, 2, 2
3, 70, 31, 410, 7069, 3, 1, 1, 0, 101, 4, 124, 22, 142, 153, 2, 172, 1, 2, 1
0, 56, 34, 45, 6297, 0, 4, 3, 0, 103, 2, 122, 36, 143, 152, 3, 173, 1, 2, 2
2, 40, 32, 44, 10839, 4, 5, 3, 0, 101, 2, 122, 71, 142, 153, 3, 171, 1, 1, 1
0, 49, 34, 41, 13890, 4, 5, 2, 0, 102, 3, 124, 59, 143, 153, 1, 171, 1, 1, 1
1, 46, 32, 410, 11692, 2, 5, 3, 0, 102, 4, 122, 69, 142, 151, 1, 174, 1, 2, 1
0, 22, 31, 45, 3363, 4, 1, 4, 0, 103, 4, 122, 60, 142, 153, 1, 173, 1, 1, 2
1, 7, 30, 46, 9366, 4, 4, 3, 0, 101, 2, 123, 50, 143, 153, 4, 173, 2, 1, 1
3, 8, 30, 40, 9101, 1, 5, 4, 0, 103, 3, 122, 64, 143, 153, 3, 174, 2, 1, 2
2, 31, 31, 44, 16214, 1, 3, 3, 0, 102, 3, 123, 34, 141, 152, 4, 172, 1, 1, 1
0, 26, 31, 48, 9552, 0, 2, 4, 0, 103, 2, 122, 57, 142, 151, 2, 174, 1, 2, 2
2, 33, 34, 48, 6981, 4, 2, 3, 0, 103, 4, 124, 20, 142, 151, 3, 171, 2, 2, 1
0, 71, 31, 43, 5610, 1, 2, 2, 0, 101, 4, 121, 53, 142, 151, 4, 174, 1, 1, 2
0, 30, 34, 40, 16086, 4, 5, 4, 0, 102, 4, 122, 63, 142, 153, 3, 172, 1, 1, 2
0, 16, 30, 43, 5670, 2, 4, 3, 0, 101, 4, 122, 47, 141, 151, 1, 173, 2, 2, 2
0, 31, 34, 42, 11429, 0, 2, 1, 0, 102, 4, 124, 34, 142, 153, 4, 173, 1, 1, 2
1, 13, 33, 45, 5796, 1, 3, 1, 0, 103, 4, 122, 65, 143, 152, 2, 174, 2, 1, 1
3, 57, 33, 410, 3043, 4, 1, 3, 0, 103, 1, 123, 61, 143, 152, 2, 171, 1, 2, 1
2, 61, 32, 42, 13648, 4, 5, 3, 0, 103, 1, 124, 55, 141, 152, 3, 173, 1, 1, 2
2, 44, 32, 41, 1280, 3, 4, 1, 0, 103, 2, 124, 62, 143, 152, 3, 172, 1, 2, 2
2, 25, 32, 43, 1785, 2, 4, 3, 0, 101, 4, 122, 41, 141, 153, 1, 172, 1, 1, 2
2, 56, 30, 45, 16274, 4, 4, 2, 0, 103, 4, 121, 22, 141, 153, 2, 174, 2, 1, 2
0, 68, 34, 49, 4707, 4, 4, 4, 0, 101, 3, 122, 46, 142, 153, 1, 174, 2, 1, 2
1, 26, 32, 42, 8446, 3, 5, 1, 0, 102, 4, 123, 54, 141, 151, 2, 171, 2, 2, 1
3, 30, 31, 49, 3230, 3, 2, 4, 0, 103, 1, 122, 64, 143, 152, 3, 172, 2, 2, 1
0, 24, 31, 46, 17108, 4, 4, 3, 0, 101, 2, 121, 31, 141, 153, 3, 171, 1, 2, 1
0, 56, 30, 48, 11161, 0, 1, 3, 0, 103, 3, 122, 57, 142, 151, 4, 174, 1, 1, 2
2, 26, 33, 48, 10295, 2, 1, 2, 0, 101, 4, 123, 19, 143, 152, 2, 171, 1, 2, 1
0, 34, 32, 43, 8483, 1, 3, 3, 0, 102, 1, 122, 43, 142, 152, 2, 171, 2, 2, 1
1, 62, 31, 41, 18374, 2, 4, 2, 0, 103, 3, 121, 21, 142, 152, 1, 174, 2, 2, 2
3, 55, 31, 49, 4186, 1, 2, 2, 0, 102, 1, 123, 38, 143, 153, 1, 173, 1, 1, 1
0, 13, 31, 49, 1477, 4, 4, 4, 0, 102, 3, 122, 26, 143, 151, 2, 172, 2, 2, 2
3, 21, 31, 49, 8408, 0, 2, 1, 0, 101, 2, 121, 22, 142, 151, 3, 171, 2, 1, 1
2, 38, 33, 48, 17991, 0, 2, 1, 0, 103, 1, 121, 47, 142, 153, 1, 171, 2, 1, 2
1, 9, 34, 410, 14188, 0, 2, 1, 0, 103, 2, 122, 22, 141, 152, 4, 172, 2, 2, 2
2, 32, 34, 43, 10069, 3, 4, 2, 0, 103, 1, 124, 48, 141, 151, 1, 174, 1, 1, 2
2, 4, 30, 40, 16120, 4, 4, 3, 0, 101, 3, 124, 61, 142, 151, 3, 172, 1, 1, 1
0, 16, 32, 46, 2024, 0, 1, 1, 0, 103, 1, 121, 70, 141, 152, 4, 173, 1, 2, 1
3, 34, 34, 45, 5466, 4, 2, 2, 0, 102, 1, 123, 41, 142, 152, 1, 172, 1, 2, 1
0, 66, 31, 45, 13206, 0, 4, 2, 0, 102, 3, 124, 48, 141, 152, 1, 173, 2, 1, 2
2, 53, 32, 45, 14778, 3, 2, 4, 0, 102, 1, 121, 55, 143, 151, 1, 172, 2, 2, 2
3, 24, 30, 43, 812, 4, 5, 2, 0, 101, 4, 124, 38, 143, 153, 1, 171, 1, 1, 1
1, 54, 31, 44, 5915, 4, 4, 1, 0, 102, 4, 123, 68, 143, 151, 2, 171, 1, 2, 1
0, 72, 30, 46, 11206, 4, 4, 2, 0, 101, 3, 124, 39, 141, 151, 2, 171, 2, 2, 2
3, 38, 30, 40, 2139, 2, 2, 2, 0, 102, 4, 121, 30, 143, 152, 1, 173, 2, 1, 1
0, 51, 31, 40, 12006, 2, 4, 1, 0, 101, 4, 121, 73, 143, 152, 2, 171, 1, 1, 1
2, 10, 31, 41, 10345, 3, 4, 1, 0, 101, 3, 122, 34, 143, 151, 2, 172, 1, 1, 2
2, 46, 32, 44, 17136, 2, 5, 4, 0, 103, 4, 124, 33, 143, 151, 3, 173, 1, 1, 2
1, 64, 33, 410, 5285, 4, 5, 4, 0, 102, 2, 124, 57, 141, 153, 4, 173, 2, 2, 1
2, 33, 34, 43, 12587, 1, 4, 1, 0, 103, 3, 124, 38, 142, 152, 2, 174, 2, 2, 1
0, 52, 34, 43, 9945, 0, 5, 1, 0, 101, 4, 122, 41, 141, 153, 3, 174, 1, 2, 2
3, 5, 33, 410, 5302, 3, 4, 2, 0, 101, 3, 123, 37, 143, 153, 2, 172, 2, 1, 1
1, 72, 31, 410, 5386, 4, 2, 4, 0, 101, 3, 122, 28, 143, 153, 2, 173, 1, 2, 1
1, 45, 30, 40, 10581, 2, 5, 1, 0, 102, 4, 123, 27, 142, 153, 3, 174, 1, 1, 1
2, 7, 30, 44, 15207, 0, 3, 4, 0, 101, 2, 121, 42, 142, 153, 3, 173, 1, 1, 2
0, 41, 32, 45, 3743, 0, 5, 1, 0, 103, 1, 121, 73, 143, 152, 1, 173, 2, 1, 1
0, 39, 32, 44, 16305, 1, 2, 3, 0, 103, 3, 123, 38, 143, 151, 3, 173, 2, 1, 2
1, 12, 32, 46, 6147, 2, 1, 1, 0, 102, 4, 123, 30, 143, 151, 4, 174, 2, 2, 2
2, 4, 33, 44, 13140, 3, 3, 4, 0, 102, 2, 123, 70, 142, 151, 4, 171, 1, 1, 1
1, 44, 34, 49, 13529, 4, 2, 1, 0, 102, 3, 123, 67, 143, 153, 2, 172, 2, 1, 2
0, 59, 31, 44, 707, 0, 1, 1, 0, 101, 1, 124, 57, 141, 152, 2, 174, 2, 1, 2
0, 55, 31, 44, 9561, 2, 5, 3, 0, 101, 2, 121, 19, 141, 151, 3, 171, 2, 2, 1
3, 66, 31, 45, 10335, 1, 4, 4, 0, 103, 2, 123, 50, 142, 152, 4, 172, 1, 2, 2
0, 43, 30, 43, 1676, 2, 3, 4, 0, 101, 2, 122, 53, 143, 152, 3, 171, 2, 2, 2
0, 62, 31, 46, 2760, 4, 4, 3, 0, 102, 1, 122, 55, 141, 151, 3, 172, 2, 1, 1
0, 56, 33, 49, 3756, 0, 3, 1, 0, 103, 1, 122, 23, 142, 152, 4, 171, 1, 1, 2
0, 27, 33, 41, 18245, 2, 4, 3, 0, 102, 2, 123, 44, 142, 151, 2, 171, 2, 1, 1
1, 20, 30, 42, 13052, 2, 3, 1, 0, 103, 2, 121, 46, 141, 153, 1, 172, 2, 1, 1
0, 12, 33, 42, 10647, 0, 1, 3, 0, 103, 4, 122, 71, 141, 153, 2, 171, 1, 2, 1
3, 16, 32, 41, 6033, 1, 4, 4, 0, 102, 4, 124, 57, 142, 152, 4, 173, 1, 2, 1
0, 35, 33, 49, 6428, 2, 4, 2, 0, 102, 2, 121, 37, 141, 153, 1, 173, 1, 1, 2
0, 26, 33, 46, 12692, 3, 1, 4, 0, 103, 2, 124, 54, 141, 151, 1, 174, 2, 1, 1
2, 68, 31, 410, 17687, 3, 5, 1, 0, 102, 1, 121, 30, 142, 151, 1, 174, 2, 1, 1
2, 20, 33, 49, 14784, 1, 4, 2, 0, 102, 3, 123, 31, 142, 153, 4, 174, 2, 2, 1
2, 64, 32, 46, 9512, 2, 4, 4, 0, 102, 1, 124, 49, 142, 153, 2, 171, 2, 2, 2
0, 40, 31, 40, 7074, 4, 2, 4, 0, 101, 4, 124, 68, 142, 151, 1, 174, 2, 2, 2
3, 4, 33, 40, 13672, 0, 2, 1, 0, 101, 1, 121, 25, 142, 152, 2, 173, 1, 1, 2
3, 51, 33, 43, 11411, 2, 5, 1, 0, 101, 4, 122, 23, 141, 153, 4, 171, 1, 1, 2
0, 11, 31, 42, 3971, 1, 5, 4, 0, 101, 2, 123, 29, 141, 151, 2, 172, 2, 1, 2
0, 47, 33, 41, 14017, 3, 1, 4, 0, 101, 2, 124, 42, 143, 152, 2, 174, 2, 1, 2
3, 53, 33, 410, 11808, 2, 4, 2, 0, 103, 4, 121, 50, 142, 153, 1, 172, 1, 1, 2
0, 44, 34, 43, 11340, 4, 2, 1, 0, 103, 2, 124, 21, 143, 152, 1, 174, 1, 2, 2
1, 23, 33, 44, 859, 1, 2, 3, 0, 102, 3, 123, 26, 142, 152, 1, 171, 1, 2, 1
1, 56, 32, 44, 13529, 4, 1, 2, 0, 103, 2, 123, 24, 142, 151, 2, 171, 1, 2, 2
0, 43, 31, 410, 7553, 2, 4, 3, 0, 103, 3, 123, 73, 142, 152, 2, 172, 1, 2, 2
3, 16, 33, 48, 10458, 1, 3, 3, 0, 101, 1, 123, 72, 142, 152, 1, 173, 2, 1, 1
0, 49, 34, 48, 13169, 2, 4, 1, 0, 101, 2, 122, 57, 141, 152, 2, 171, 1, 2, 1
0, 69, 31, 44, 14358, 2, 2, 2, 0, 103, 3, 122, 67, 142, 151, 2, 172, 1, 2, 1
3, 8, 34, 49, 12930, 1, 4, 1, 0, 102, 2, 122, 57, 141, 153, 2, 172, 2, 2, 2
2, 14, 32, 41, 3863, 1, 1, 3, 0, 103, 3, 121, 74, 143, 153, 2, 171, 1, 2, 2
2, 47, 33, 410, 1884, 2, 5, 4, 0, 101, 4, 121, 60, 141, 153, 1, 173, 1, 1, 2
1, 48, 33, 43, 11671, 1, 4, 4, 0, 103, 2, 122, 58, 141, 153, 3, 173, 1, 2, 1
3, 11, 33, 49, 6793, 3, 1, 3, 0, 102, 3, 122, 43, 141, 152, 4, 171, 1, 2, 2
3, 69, 30, 45, 4867, 1, 4, 2, 0, 102, 3, 121, 26, 141, 152, 2, 174, 2, 1, 1
2, 36, 33, 43, 15383, 1, 1, 2, 0, 101, 2, 123, 19, 141, 152, 2, 174, 1, 2, 1
2, 13, 30, 44, 12429, 3, 2, 2, 0, 102, 4, 122, 40, 143, 153, 1, 174, 2, 2, 1
1, 52, 34, 44, 16730, 0, 4, 2, 0, 102, 4, 123, 50, 143, 153, 3, 171, 1, 2, 1
2, 56, 31, 410, 13008, 4, 2, 4, 0, 102, 2, 121, 55, 142, 151, 3, 172, 1, 2, 2
3, 17, 32, 41, 16632, 0, 5, 2, 0, 101, 3, 124, 39, 142, 151, 3, 172, 1, 2, 2
0, 54, 33, 410, 4359, 3, 1, 3, 0, 101, 2, 121, 50, 141, 151, 3, 174, 2, 1, 2
2, 38, 34, 40, 12181, 2, 5, 2, 0, 103, 3, 124, 30, 141, 151, 4, 172, 2, 1, 1
1, 37, 32, 40, 4671, 0, 2, 1, 0, 103, 3, 123, 40, 141, 152, 3, 173, 2, 1, 1
1, 68, 31, 42, 2285, 0, 3, 4, 0, 101, 4, 123, 21, 143, 151, 2, 173, 2, 1, 1
3, 4, 33, 43, 17475, 2, 1, 2, 0, 102, 4, 122, 20, 141, 152, 4, 171, 1, 1, 2
1, 18, 32, 40, 14071, 4, 1, 1, 0, 102, 2, 124, 47, 143, 151, 3, 173, 2, 2, 1
1, 67, 30, 49, 6631, 1, 1, 2, 0, 102, 2, 124, 26, 143, 151, 4, 171, 2, 1, 2
0, 38, 33, 410, 4647, 2, 3, 1, 0, 103, 4, 121, 44, 141, 151, 1, 172, 2, 2, 2
3, 26, 31, 41, 7489, 0, 1, 2, 0, 101, 2, 123, 70, 143, 152, 4, 173, 2, 1, 1
3, 21, 31, 44, 3368, 1, 1, 1, 0, 102, 1, 121, 48, 141, 153, 2, 173, 1, 1, 2
3, 59, 33, 48, 6577, 1, 3, 1, 0, 102, 1, 122, 28, 141, 152, 3, 173, 2, 1, 1
2, 69, 34, 45, 10806, 1, 4, 3, 0, 102, 4, 124, 40, 142, 153, 1, 172, 1, 2, 1
3, 6, 32, 40, 17114, 0, 5, 1, 0, 103, 4, 123, 45, 142, 153, 2, 174, 1, 2, 1
1, 61, 33, 43, 10553, 1, 2, 1, 0, 103, 1, 121, 29, 142, 153, 3, 171, 2, 1, 1
1, 55, 31, 48, 16936, 2, 1, 1, 0, 102, 1, 122, 71, 142, 153, 2, 173, 1, 1, 1
0, 13, 33, 40, 10238, 3, 2, 2, 0, 102, 3, 123, 62, 141, 151, 2, 171, 1, 2, 2
1, 67, 31, 42, 12769, 2, 5, 3, 0, 101, 4, 123, 38, 141, 151, 1, 174, 1, 1, 1
1, 43, 30, 42, 12248, 1, 2, 2, 0, 102, 1, 121, 75, 143, 151, 3, 171, 2, 2, 1
2, 21, 32, 46, 13100, 1, 3, 4, 0, 103, 4, 123, 72, 143, 151, 4, 173, 1, 2, 2
3, 46, 32, 40, 12339, 1, 5, 2, 0, 103, 3, 122, 22, 141, 151, 1, 171, 1, 2, 1
0, 36, 34, 43, 16801, 0, 4, 3, 0, 102, 4, 124, 66, 141, 151, 4, 172, 2, 1, 1
2, 47, 34, 410, 5665, 0, 3, 1, 0, 103, 4, 124, 51, 141, 152, 3, 171, 2, 1, 2
0, 52, 32, 42, 17178, 4, 1, 4, 0, 102, 3, 123, 33, 143, 153, 1, 173, 1, 1, 1
3, 26, 30, 43, 8100, 0, 5, 1, 0, 103, 4, 121, 66, 141, 151, 2, 173, 2, 2, 2
0, 57, 32, 49, 14080, 3, 1, 3, 0, 103, 4, 123, 51, 141, 151, 4, 174, 1, 1, 2
2, 58, 31, 48, 9805, 4, 1, 4, 0, 101, 3, 121, 47, 143, 152, 3, 173, 2, 1, 1
3, 20, 30, 45, 11395, 0, 4, 2, 0, 102, 3, 121, 29, 142, 152, 3, 174, 1, 2, 2
2, 49, 33, 44, 12034, 0, 3, 3, 0, 102, 1, 121, 67, 142, 151, 1, 174, 1, 2, 2
1, 25, 30, 42, 5542, 4, 3, 3, 0, 101, 1, 121, 23, 141, 153, 1, 171, 1, 2, 2
0, 56, 32, 48, 8342, 1, 5, 4, 0, 103, 3, 121, 20, 142, 153, 4, 173, 1, 1, 2
0, 23, 32, 410, 13118, 0, 5, 4, 0, 101, 4, 122, 67, 141, 152, 4, 173, 1, 2, 1
3, 72, 31, 43, 17239, 4, 3, 2, 0, 103, 2, 122, 19, 142, 152, 3, 172, 2, 2, 2
2, 18, 31, 43, 7460, 4, 5, 4, 0, 101, 2, 122, 23, 141, 152, 3, 174, 2, 2, 1
2, 19, 32, 43, 8900, 1, 2, 1, 0, 101, 3, 122, 33, 142, 152, 1, 174, 1, 1, 1
3, 54, 33, 42, 16751, 2, 5, 4, 0, 102, 3, 121, 59, 142, 153, 2, 172, 2, 1, 2
3, 64, 30, 48, 10482, 3, 1, 1, 0, 103, 1, 123, 47, 141, 153, 3, 171, 1, 1, 1
3, 56, 31, 42, 14780, 0, 1, 2, 0, 103, 2, 123, 32, 143, 152, 3, 173, 2, 2, 1
2, 31, 32, 41, 8064, 0, 3, 1, 0, 101, 2, 122, 68, 141, 152, 4, 173, 1, 1, 1
2, 11, 30, 44, 6073, 0, 2, 2, 0, 102, 1, 122, 63, 141, 151, 1, 171, 1, 1, 2
3, 57, 31, 46, 1090, 1, 5, 4, 0, 101, 1, 123, 29, 143, 153, 1, 174, 1, 2, 2
3, 61, 31, 49, 2792, 3, 1, 4, 0, 102, 4, 124, 21, 143, 151, 2, 172, 2, 1, 2
2, 7, 31, 40, 2437, 2, 1, 1, 0, 103, 4, 121, 27, 143, 151, 3, 172, 1, 2, 1
1, 8, 34, 46, 12287, 1, 4, 4, 0, 101, 2, 124, 70, 143, 153, 3, 173, 1, 1, 2
2, 24, 31, 45, 10884, 0, 1, 4, 0, 103, 2, 124, 40, 143, 151, 4, 174, 2, 2, 1
0, 52, 30, 41, 13092, 3, 1, 1, 0, 102, 4, 122, 22, 142, 153, 4, 171, 2, 2, 1
2, 46, 32, 410, 4766, 1, 1, 1, 0, 103, 2, 124, 25, 142, 152, 1, 174, 1, 2, 2
1, 60, 31, 45, 7358, 2, 3, 1, 0, 103, 2, 123, 42, 141, 151, 3, 174, 1, 2, 1
1, 16, 30, 410, 14426, 0, 2, 3, 0, 103, 1, 122, 72, 141, 153, 1, 171, 2, 2, 2
1, 70, 32, 41, 9853, 4, 2, 2, 0, 103, 2, 122, 74, 142, 151, 1, 173, 1, 2, 1
0, 49, 30, 45, 1042, 0, 4, 1, 0, 103, 2, 124, 45, 142, 153, 1, 171, 2, 1, 2
2, 65, 30, 41, 16038, 1, 5, 4, 0, 102, 2, 121, 22, 142, 153, 3, 173, 2, 1, 1
1, 64, 33, 40, 13388, 4, 2, 3, 0, 101, 4, 122, 53, 143, 152, 3, 174, 2, 2, 2
3, 71, 33, 42, 6562, 0, 4, 1, 0, 101, 3, 122, 37, 142, 152, 4, 174, 2, 2, 1
0, 40, 32, 46, 1528, 3, 4, 2, 0, 102, 4, 124, 42, 142, 151, 2, 173, 1, 1, 2
1, 38, 34, 410, 13609, 1, 5, 1, 0, 103, 4, 123, 37, 141, 151, 1, 174, 2, 2, 2
2, 7, 34, 48, 3051, 2, 4, 1, 0, 102, 2, 124, 32, 143, 151, 3, 172, 2, 2, 2
0, 4, 32, 48, 7852, 2, 5, 1, 0, 103, 3, 123, 62, 143, 153, 4, 172, 2, 2, 2
1, 18, 32, 41, 13652, 3, 1, 1, 0, 103, 4, 121, 31, 141, 151, 1, 173, 2, 2, 2
1, 65, 31, 46, 6012, 4, 2, 4, 0, 101, 4, 121, 33, 141, 153, 3, 174, 1, 2, 2
2, 7, 34, 45, 6099, 4, 1, 2, 0, 101, 2, 123, 20, 143, 151, 2, 173, 1, 1, 2
1, 48, 31, 410, 3631, 1, 3, 3, 0, 102, 2, 124, 55, 142, 152, 3, 171, 1, 2, 1
1, 36, 30, 48, 12935, 3, 2, 2, 0, 103, 3, 123, 54, 143, 153, 1, 173, 1, 2, 2
2, 58, 31, 49, 13510, 4, 4, 3, 0, 103, 1, 123, 69, 142, 153, 3, 174, 2, 1, 2
3, 59, 34, 41, 6743, 1, 1, 3, 0, 101, 3, 122, 53, 142, 152, 3, 173, 1, 2, 2
2, 72, 32, 45, 18133, 1, 2, 4, 0, 103, 2, 124, 73, 141, 152, 4, 174, 1, 2, 1
2, 29, 34, 46, 2416, 0, 3, 4, 0, 102, 3, 124, 74, 142, 153, 4, 171, 1, 2, 2
0, 13, 34, 43, 16384, 1, 1, 4, 0, 103, 1, 124, 46, 143, 152, 4, 173, 1, 1, 1
1, 46, 33, 49, 8106, 3, 1, 1, 0, 102, 1, 122, 72, 142, 151, 3, 174, 2, 2, 2
0, 23, 34, 48, 13152, 3, 3, 3, 0, 102, 4, 122, 59, 141, 152, 1, 172, 2, 1, 2
0, 59, 33, 41, 6679, 3, 2, 1, 0, 103, 1, 122, 51, 143, 151, 1, 174, 2, 2, 1
1, 25, 31, 44, 7936, 0, 3, 3, 0, 102, 1, 122, 64, 142, 153, 4, 173, 2, 1, 2
3, 66, 33, 45, 5298, 0, 5, 4, 0, 101, 1, 124, 28, 141, 153, 2, 173, 1, 2, 2
1, 52, 33, 40, 8248, 2, 4, 3, 0, 102, 2, 122, 54, 143, 151, 3, 172, 2, 2, 2
3, 16, 34, 40, 5036, 4, 4, 4, 0, 103, 2, 122, 42, 142, 152, 2, 172, 1, 1, 2
0, 58, 34, 43, 12220, 1, 3, 3, 0, 101, 1, 124, 26, 142, 151, 1, 172, 1, 2, 2
1, 41, 32, 42, 6544, 4, 4, 2, 0, 101, 2, 123, 71, 142, 153, 1, 172, 2, 1, 2
0, 24, 31, 49, 1103, 1, 2, 2, 0, 101, 4, 122, 75, 141, 152, 2, 171, 2, 1, 2
0, 35, 31, 42, 16651, 4, 5, 4, 0, 101, 1, 121, 21, 142, 152, 3, 171, 2, 2, 2
0, 8, 33, 48, 1979, 3, 1, 4, 0, 103, 1, 124, 22, 143, 152, 1, 171, 2, 2, 1
3, 35, 30, 48, 3425, 3, 1, 1, 0, 101, 4, 124, 56, 143, 151, 4, 174, 2, 1, 2
0, 70, 33, 49, 12128, 2, 4, 3, 0, 103, 4, 124, 39, 141, 152, 4, 174, 1, 2, 2
2, 19, 32, 45, 10830, 3, 1, 1, 0, 102, 2, 123, 42, 143, 153, 1, 173, 2, 1, 1
3, 30, 31, 45, 1295, 0, 5, 1, 0, 102, 2, 122, 26, 142, 153, 1, 172, 2, 1, 1
1, 47, 30, 43, 6540, 1, 3, 3, 0, 102, 2, 124, 49, 143, 153, 2, 172, 1, 1, 1
2, 67, 34, 43, 18243, 0, 2, 2, 0, 101, 2, 121, 70, 142, 153, 1, 172, 2, 1, 1
3, 35, 31, 43, 11403, 0, 3, 3, 0, 103, 4, 124, 67, 142, 153, 4, 173, 2, 1, 1
2, 62, 34, 44, 11888, 2, 3, 3, 0, 102, 1, 123, 39, 142, 152, 4, 171, 2, 1, 2
2, 47, 30, 45, 12298, 4, 1, 4, 0, 101, 2, 121, 51, 143, 153, 2, 174, 1, 2, 2
1, 29, 32, 43, 8634, 1, 5, 1, 0, 103, 2, 122, 21, 142, 152, 3, 172, 2, 1, 2
3, 5, 30, 43, 2726, 4, 5, 3, 0, 103, 3, 121, 48, 143, 152, 2, 174, 2, 2, 2
0, 4, 32, 43, 1800, 1, 1, 2, 0, 101, 4, 123, 33, 143, 153, 2, 173, 1, 2, 1
0, 52, 30, 49, 16191, 3, 3, 4, 0, 101, 2, 124, 65, 143, 151, 2, 172, 2, 2, 2
2, 58, 31, 46, 5940, 1, 4, 3, 0, 102, 1, 122, 65, 142, 151, 2, 174, 2, 1, 2
1, 60, 30, 45, 17169, 2, 2, 2, 0, 101, 2, 123, 20, 142, 151, 2, 171, 2, 1, 2
1, 53, 34, 43, 5818, 0, 1, 2, 0, 102, 3, 122, 69, 142, 153, 3, 174, 1, 2, 1
1, 27, 33, 42, 11952, 0, 1, 3, 0, 103, 3, 121, 69, 142, 151, 2, 173, 1, 1, 2
2, 41, 32, 41, 1630, 4, 3, 4, 0, 102, 4, 121, 72, 142, 153, 2, 172, 2, 2, 2
1, 55, 33, 42, 840, 2, 2, 4, 0, 103, 3, 123, 60, 141, 152, 1, 172, 1, 2, 1
0, 29, 30, 48, 14601, 3, 3, 1, 0, 102, 3, 122, 49, 142, 152, 1, 171, 2, 2, 1
1, 20, 34, 40, 11864, 4, 5, 1, 0, 102, 4, 123, 64, 143, 151, 2, 173, 1, 1, 2
1, 36, 31, 40, 1396, 1, 4, 2, 0, 102, 3, 123, 22, 141, 151, 1, 174, 1, 1, 1
1, 22, 32, 48, 1572, 4, 1, 4, 0, 103, 4, 122, 26, 142, 152, 3, 171, 1, 2, 2
3, 37, 32, 410, 2367, 3, 1, 2, 0, 103, 1, 121, 23, 143, 153, 3, 172, 1, 1, 2
0, 39, 31, 40, 15691, 4, 5, 4, 0, 102, 1, 124, 59, 141, 152, 4, 174, 1, 2, 2
3, 12, 32, 45, 5282, 0, 3, 1, 0, 102, 3, 123, 20, 142, 151, 4, 171, 1, 1, 1
2, 68, 30, 45, 8793, 4, 2, 2, 0, 103, 1, 122, 40, 142, 153, 2, 171, 2, 1, 2
0, 21, 32, 42, 17883, 2, 3, 2, 0, 101, 2, 123, 42, 143, 152, 3, 174, 2, 1, 2
3, 46, 34, 43, 713, 3, 5, 1, 0, 101, 4, 123, 23, 141, 151, 2, 173, 2, 2, 1
3, 29, 30, 44, 14912, 4, 4, 3, 0, 101, 3, 124, 42, 143, 153, 2, 171, 1, 2, 1
1, 48, 33, 48, 15496, 4, 2, 2, 0, 103, 4, 124, 44, 143, 152, 4, 174, 1, 1, 1
2, 68, 31, 48, 17157, 1, 5, 2, 0, 101, 1, 121, 33, 143, 152, 2, 174, 2, 1, 2
1, 51, 30, 43, 15622, 0, 1, 4, 0, 102, 1, 122, 44, 142, 153, 2, 171, 2, 1, 1
2, 52, 30, 48, 6077, 2, 5, 1, 0, 102, 1, 123, 35, 141, 151, 2, 171, 2, 1, 1
3, 45, 31, 43, 1421, 3, 1, 4, 0, 101, 3, 122, 38, 141, 153, 3, 174, 1, 1, 2
2, 22, 33, 41, 13398, 1, 3, 1, 0, 102, 3, 123, 62, 141, 151, 1, 171, 2, 2, 1
1, 54, 32, 40, 7970, 0, 4, 4, 0, 103, 3, 123, 37, 143, 153, 3, 172, 2, 2, 1
1, 20, 30, 40, 12183, 3, 5, 1, 0, 103, 2, 124, 42, 142, 153, 2, 173, 1, 1, 1
2, 43, 33, 45, 8460, 3, 1, 2, 0, 102, 3, 121, 66, 143, 151, 4, 174, 2, 2, 2
1, 66, 33, 44, 11671, 0, 3, 3, 0, 103, 4, 123, 65, 142, 152, 2, 174, 2, 2, 2
2, 53, 33, 43, 10973, 2, 2, 2, 0, 101, 2, 123, 57, 141, 153, 3, 174, 2, 2, 2
2, 40, 31, 41, 13911, 2, 2, 4, 0, 101, 3, 121, 32, 143, 151, 1, 171, 1, 2, 1
3, 22, 31, 44, 13384, 3, 1, 4, 0, 102, 1, 122, 40, 141, 151, 2, 173, 2, 2, 1
1, 53, 30, 48, 10613, 4, 4, 2, 0, 103, 4, 122, 55, 142, 152, 1, 172, 1, 2, 1
2, 29, 32, 45, 4689, 4, 5, 3, 0, 101, 2, 123, 51, 143, 151, 1, 173, 2, 2, 2
3, 16, 33, 41, 6961, 1, 2, 2, 0, 103, 4, 122, 71, 143, 151, 3, 174, 1, 1, 2
1, 41, 30, 45, 15290, 0, 1, 2, 0, 101, 2, 121, 75, 142, 151, 2, 174, 2, 1, 2
3, 64, 33, 45, 4436, 3, 2, 3, 0, 101, 2, 121, 64, 141, 153, 2, 172, 1, 2, 2
3, 29, 33, 48, 2030, 1, 4, 3, 0, 103, 3, 121, 23, 142, 153, 2, 173, 1, 2, 1
1, 16, 31, 44, 10701, 1, 3, 1, 0, 101, 3, 123, 68, 143, 151, 2, 172, 1, 2, 1
3, 22, 32, 410, 14211, 1, 4, 2, 0, 103, 2, 123, 59, 142, 151, 4, 173, 1, 1, 2
0, 72, 34, 42, 2016, 1, 5, 4, 0, 102, 3, 124, 47, 143, 151, 1, 172, 2, 1, 2
0, 25, 32, 43, 5412, 3, 4, 3, 0, 101, 3, 121, 71, 141, 152, 3, 174, 1, 2, 2
1, 4, 30, 46, 3311, 3, 3, 2, 0, 101, 2, 124, 61, 143, 153, 3, 174, 1, 2, 2
1, 65, 31, 44, 13582, 1, 1, 1, 0, 101, 1, 122, 64, 141, 151, 3, 173, 1, 2, 2
1, 35, 34, 43, 17986, 3, 5, 2, 0, 102, 2, 121, 28, 142, 153, 3, 171, 1, 2, 2
0, 48, 31, 44, 662, 3, 3, 3, 0, 102, 3, 122, 53, 142, 151, 2, 172, 1, 2, 1
0, 4, 32, 41, 5017, 0, 5, 2, 0, 102, 3, 122, 19, 141, 153, 4, 172, 2, 1, 2
0, 71, 33, 46, 1109, 3, 1, 3, 0, 102, 2, 123, 34, 141, 152, 1, 174, 1, 1, 2
2, 22, 30, 48, 359, 3, 4, 4, 0, 102, 4, 121, 37, 141, 151, 1, 173, 1, 2, 2
2, 8, 30, 42, 16695, 2, 4, 2, 0, 103, 3, 121, 71, 142, 153, 4, 171, 1, 2, 2
3, 53, 32, 42, 16482, 3, 3, 1, 0, 102, 3, 123, 47, 142, 152, 1, 171, 1, 1, 1
3, 55, 32, 45, 1586, 0, 3, 3, 0, 103, 2, 121, 24, 143, 152, 1, 174, 2, 2, 1
1, 42, 30, 410, 10112, 1, 1, 2, 0, 102, 4, 121, 70, 141, 151, 1, 172, 2, 2, 2
1, 8, 31, 41, 18343, 0, 5, 3, 0, 103, 1, 121, 56, 143, 152, 3, 174, 2, 2, 2
2, 51, 33, 48, 11104, 4, 1, 1, 0, 102, 1, 124, 62, 142, 151, 4, 173, 2, 2, 1
1, 64, 32, 410, 16367, 3, 5, 3, 0, 103, 1, 123, 25, 141, 152, 4, 172, 1, 1, 1
1, 24, 32, 42, 16189, 4, 1, 2, 0, 103, 2, 124, 29, 142, 151, 3, 171, 2, 2, 1
3, 48, 34, 40, 14845, 0, 1, 2, 0, 102, 2, 122, 42, 141, 151, 2, 173, 1, 2, 2
1, 39, 33, 48, 4572, 2, 4, 3, 0, 101, 2, 121, 22, 142, 152, 4, 173, 2, 1, 2
3, 53, 32, 41, 17433, 3, 5, 1, 0, 101, 2, 123, 27, 142, 153, 3, 171, 1, 1, 1
1, 58, 30, 46, 8025, 0, 4, 4, 0, 103, 4, 123, 23, 143, 153, 2, 174, 2, 2, 1
1, 16, 34, 42, 10494, 4, 5, 2, 0, 101, 1, 121, 56, 142, 152, 3, 173, 1, 1, 1
1, 49, 33, 40, 770, 1, 4, 2, 0, 103, 2, 121, 30, 143, 151, 2, 173, 1, 2, 1
1, 67, 31, 42, 3874, 0, 4, 3, 0, 101, 3, 123, 29, 143, 153, 3, 172, 1, 1, 2
3, 50, 33, 40, 2020, 0, 5, 3, 0, 101, 4, 123, 56, 143, 153, 3, 174, 2, 1, 1
0, 9, 33, 43, 2728, 0, 1, 4, 0, 103, 4, 124, 19, 143, 152, 3, 174, 1, 2, 2
2, 58, 32, 48, 10990, 3, 3, 4, 0, 102, 1, 123, 58, 142, 151, 2, 174, 1, 2, 1
2, 65, 33, 41, 9011, 0, 2, 3, 0, 103, 3, 122, 26, 142, 151, 2, 172, 2, 2, 1
0, 32, 31, 46, 10305, 1, 1, 1, 0, 101, 3, 123, 73, 143, 152, 1, 171, 1, 2, 1
0, 71, 33, 42, 14912, 3, 3, 2, 0, 102, 1, 122, 65, 141, 152, 1, 172, 1, 2, 2
3, 10, 32, 46, 5897, 2, 3, 2, 0, 101, 1, 121, 27, 141, 151, 3, 172, 1, 1, 2
2, 8, 32, 46, 17448, 0, 3, 3, 0, 103, 3, 124, 75, 143, 151, 4, 173, 2, 2, 2
1, 19, 30, 41, 1124, 1, 3, 3, 0, 102, 4, 124, 29, 141, 151, 1, 171, 2, 2, 2
0, 56, 30, 44, 17330, 0, 5, 1, 0, 101, 4, 122, 32, 143, 152, 3, 174, 2, 2, 1
1, 47, 32, 44, 4000, 1, 1, 2, 0, 103, 4, 121, 35, 141, 151, 2, 172, 1, 2, 1
0, 23, 30, 41, 4291, 0, 1, 2, 0, 101, 2, 122, 19, 143, 153, 2, 174, 2, 2, 2
2, 26, 30, 46, 6801, 1, 4, 2, 0, 103, 2, 123, 37, 141, 153, 3, 171, 1, 1, 2
0, 12, 32, 48, 15057, 3, 1, 1, 0, 103, 4, 122, 43, 142, 153, 3, 171, 2, 1, 2
3, 15, 33, 40, 16536, 3, 1, 2, 0, 101, 1, 124, 25, 142, 153, 2, 173, 2, 2, 2
2, 15, 32, 40, 10647, 2, 1, 1, 0, 101, 4, 124, 26, 142, 152, 3, 173, 1, 1, 1
3, 36, 32, 41, 10226, 4, 3, 2, 0, 101, 4, 121, 28, 143, 153, 3, 174, 2, 2, 1
2, 21, 34, 43, 13288, 3, 5, 1, 0, 102, 2, 123, 42, 141, 153, 2, 172, 2, 1, 1
3, 53, 31, 41, 5163, 0, 5, 2, 0, 103, 4, 124, 19, 141, 153, 2, 172, 1, 1, 2
0, 5, 31, 48, 10983, 1, 1, 1, 0, 103, 4, 122, 66, 142, 151, 4, 173, 1, 1, 2
1, 71, 31, 44, 11408, 0, 5, 2, 0, 101, 3, 123, 61, 142, 153, 4, 172, 1, 2, 2
1, 67, 33, 48, 7913, 4, 1, 2, 0, 103, 1, 122, 24, 143, 151, 4, 174, 1, 2, 1
1, 24, 34, 42, 15527, 4, 3, 2, 0, 102, 1, 124, 72, 141, 152, 2, 173, 1, 1, 2
3, 50, 30, 40, 13522, 4, 4, 4, 0, 103, 1, 121, 28, 142, 153, 4, 173, 1, 2, 1
1, 35, 31, 49, 5251, 4, 4, 2, 0, 103, 4, 121, 21, 142, 152, 4, 171, 2, 2, 1
0, 20, 31, 410, 10987, 2, 4, 1, 0, 101, 2, 123, 39, 141, 153, 4, 171, 2, 2, 1
3, 5, 31, 45, 10853, 3, 2, 2, 0, 101, 2, 123, 26, 142, 152, 1, 172, 1, 2, 2
3, 58, 30, 41, 17037, 2, 5, 4, 0, 103, 4, 123, 61, 143, 152, 3, 173, 2, 2, 2
1, 24, 34, 44, 4733, 0, 1, 4, 0, 102, 1, 122, 69, 141, 152, 1, 171, 2, 2, 2
2, 48, 34, 49, 3171, 4, 1, 2, 0, 101, 2, 123, 66, 143, 152, 3, 171, 1, 1, 2
2, 61, 30, 41, 779, 4, 2, 3, 0, 103, 3, 121, 66, 142, 152, 3, 173, 1, 2, 2
0, 46, 32, 48, 17600, 4, 2, 4, 0, 102, 4, 124, 70, 142, 151, 4, 174, 2, 2, 1
2, 49, 30, 45, 351, 2, 3, 2, 0, 102, 3, 122, 67, 143, 151, 1, 172, 1, 2, 1
3, 47, 34, 49, 16178, 2, 4, 3, 0, 103, 1, 124, 43, 143, 152, 1, 172, 1, 1, 1
1, 68, 34, 46, 4920, 0, 2, 2, 0, 101, 4, 121, 66, 141, 153, 4, 172, 2, 1, 2
0, 6, 32, 410, 1254, 0, 2, 1, 0, 101, 1, 122, 49, 141, 151, 3, 173, 2, 1, 2
2, 30, 31, 48, 16234, 2, 1, 2, 0, 103, 2, 124, 26, 143, 151, 3, 172, 2, 2, 1
3, 52, 33, 40, 1184, 3, 3, 2, 0, 102, 3, 123, 65, 142, 151, 3, 172, 2, 2, 2
3, 28, 30, 41, 10649, 1, 3, 3, 0, 103, 1, 122, 48, 142, 152, 2, 172, 2, 2, 2
2, 47, 32, 41, 17529, 1, 3, 2, 0, 103, 1, 124, 54, 141, 153, 1, 172, 1, 1, 1
3, 26, 33, 41, 18141, 3, 4, 1, 0, 102, 4, 122, 38, 141, 152, 3, 173, 2, 2, 1
1, 7, 30, 41, 15465, 2, 1, 1, 0, 102, 1, 123, 60, 143, 151, 1, 174, 1, 1, 2
0, 69, 32, 40, 10576, 2, 2, 4, 0, 102, 3, 123, 34, 142, 152, 2, 174, 1, 2, 1
2, 68, 31, 49, 14319, 2, 2, 4, 0, 101, 3, 122, 25, 143, 151, 4, 173, 1, 2, 2
0, 28, 31, 410, 11349, 2, 5, 1, 0, 102, 3, 121, 39, 142, 152, 2, 171, 1, 2, 2
1, 7, 33, 43, 1656, 4, 5, 4, 0, 103, 4, 123, 58, 141, 152, 3, 172, 2, 2, 1
0, 26, 34, 40, 8799, 0, 3, 2, 0, 103, 3, 124, 44, 141, 152, 1, 171, 2, 2, 1
2, 44, 34, 41, 8837, 1, 2, 1, 0, 103, 3, 121, 62, 143, 153, 1, 174, 1, 2, 1
0, 56, 31, 48, 15943, 4, 4, 2, 0, 101, 2, 122, 59, 142, 153, 3, 174, 2, 1, 1
0, 35, 34, 40, 10670, 0, 1, 1, 0, 103, 1, 123, 41, 143, 151, 4, 174, 1, 1, 2
2, 65, 31, 410, 12347, 3, 4, 1, 0, 103, 4, 122, 68, 143, 153, 2, 174, 2, 2, 1
0, 43, 30, 44, 5742, 1, 5, 3, 0, 101, 1, 124, 28, 143, 151, 3, 174, 1, 2, 2
0, 58, 34, 410, 16226, 1, 3, 1, 0, 103, 1, 124, 44, 143, 151, 1, 171, 2, 2, 2
3, 55, 34, 41, 16139, 1, 2, 2, 0, 101, 3, 121, 39, 141, 151, 4, 172, 1, 2, 1
1, 20, 34, 46, 17153, 4, 1, 4, 0, 102, 2, 124, 63, 143, 152, 1, 174, 1, 1, 1
3, 45, 30, 43, 3555, 1, 4, 1, 0, 103, 4, 124, 25, 142, 152, 4, 173, 1, 1, 2
1, 27, 32, 40, 14119, 2, 3, 3, 0, 101, 4, 124, 75, 143, 152, 2, 172, 2, 1, 1
0, 61, 34, 46, 18260, 0, 5, 4, 0, 102, 3, 121, 75, 142, 152, 3, 173, 2, 2, 2
0, 22, 34, 45, 4844, 0, 4, 1, 0, 101, 2, 121, 28, 141, 151, 2, 172, 2, 2, 2
1, 11, 33, 43, 14862, 1, 3, 3, 0, 101, 3, 123, 53, 141, 151, 1, 173, 2, 2, 1
2, 55, 33, 48, 1056, 3, 4, 4, 0, 101, 2, 121, 64, 143, 153, 2, 171, 2, 1, 2
0, 65, 30, 45, 3938, 4, 4, 2, 0, 102, 3, 123, 31, 143, 151, 2, 171, 2, 2, 2
1, 59, 30, 41, 9884, 2, 4, 4, 0, 103, 3, 124, 74, 141, 153, 4, 172, 2, 2, 2
3, 38, 34, 42, 15996, 3, 2, 1, 0, 103, 4, 122, 58, 143, 153, 2, 171, 2, 2, 1
1, 28, 31, 45, 15665, 1, 1, 3, 0, 103, 2, 122, 27, 141, 153, 3, 171, 2, 1, 2
1, 69, 33, 45, 13251, 4, 2, 4, 0, 102, 2, 123, 67, 141, 151, 1, 171, 2, 2, 2
1, 57, 30, 41, 6155, 3, 4, 2, 0, 103, 3, 121, 27, 141, 151, 2, 173, 1, 1, 2
0, 33, 34, 49, 4520, 4, 4, 1, 0, 101, 3, 122, 34, 141, 152, 2, 171, 1, 1, 2
1, 39, 30, 44, 5714, 1, 5, 1, 0, 101, 2, 121, 72, 141, 152, 2, 173, 1, 1, 2
3, 52, 32, 46, 12721, 3, 1, 1, 0, 102, 3, 123, 59, 141, 152, 4, 171, 1, 2, 2
1, 29, 30, 42, 15535, 0, 5, 3, 0, 102, 4, 124, 29, 142, 152, 4, 174, 1, 2, 2
2, 39, 31, 45, 4717, 4, 2, 3, 0, 101, 1, 123, 72, 142, 153, 4, 174, 2, 1, 1
3, 65, 34, 48, 17779, 2, 4, 2, 0, 102, 2, 122, 53, 142, 152, 3, 174, 1, 2, 1
3, 6, 30, 41, 13652, 4, 1, 1, 0, 101, 1, 124, 57, 141, 151, 2, 171, 1, 2, 1
3, 6, 30, 42, 14819, 3, 2, 3, 0, 101, 2, 123, 22, 141, 153, 2, 174, 1, 2, 1
0, 26, 33, 43, 7114, 2, 2, 4, 0, 102, 3, 124, 26, 143, 151, 2, 173, 2, 2, 2
0, 11, 30, 46, 4536, 3, 1, 3, 0, 101, 4, 124, 62, 143, 153, 4, 174, 2, 1, 2
0, 42, 31, 45, 14954, 3, 2, 3, 0, 101, 1, 124, 21, 143, 152, 3, 172, 1, 2, 1
0, 67, 33, 410, 6764, 0, 5, 2, 0, 101, 2, 122, 74, 143, 153, 1, 171, 1, 2, 1
2, 44, 33, 48, 10169, 3, 1, 3, 0, 101, 2, 124, 56, 141, 151, 4, 172, 2, 2, 2
0, 13, 32, 44, 14906, 1, 4, 2, 0, 101, 3, 123, 72, 142, 152, 3, 171, 1, 2, 1
0, 32, 34, 45, 17173, 0, 1, 4, 0, 101, 2, 123, 47, 142, 151, 4, 172, 2, 1, 1
1, 46, 34, 41, 16509, 3, 1, 4, 0, 101, 2, 123, 37, 141, 153, 4, 173, 1, 2, 2
1, 54, 33, 43, 14086, 3, 3, 2, 0, 102, 4, 124, 33, 141, 153, 4, 171, 2, 2, 2
3, 7, 33, 40, 5617, 3, 5, 2, 0, 103, 3, 124, 40, 143, 152, 4, 173, 2, 1, 2
2, 18, 34, 45, 17775, 3, 5, 4, 0, 101, 3, 121, 50, 143, 151, 2, 172, 1, 2, 2
0, 44, 30, 40, 17146, 4, 5, 4, 0, 102, 3, 121, 73, 142, 152, 1, 174, 1, 1, 1
0, 63, 31, 41, 13701, 3, 3, 1, 0, 103, 4, 123, 54, 143, 152, 4, 174, 1, 2, 2
3, 64, 34, 41, 8514, 4, 3, 2, 0, 101, 2, 122, 73, 143, 151, 4, 171, 2, 2, 2
2, 39, 31, 40, 14898, 2, 5, 4, 0, 103, 2, 122, 31, 143, 152, 3, 174, 2, 2, 2
3, 51, 32, 43, 7570, 1, 4, 4, 0, 101, 2, 124, 67, 143, 153, 3, 172, 1, 1, 2
1, 52, 33, 45, 16841, 4, 3, 3, 0, 102, 2, 122, 19, 141, 152, 4, 171, 1, 1, 1
1, 21, 31, 410, 6472, 2, 1, 1, 0, 103, 2, 121, 44, 142, 153, 4, 174, 2, 2, 1
0, 71, 33, 44, 5160, 4, 3, 2, 0, 102, 2, 123, 54, 143, 153, 3, 174, 1, 2, 1
2, 17, 31, 40, 15842, 3, 1, 1, 0, 103, 1, 122, 52, 142, 152, 3, 171, 2, 2, 1
3, 41, 32, 43, 4734, 4, 1, 1, 0, 102, 2, 124, 41, 142, 152, 4, 171, 2, 2, 2
2, 42, 31, 41, 14029, 0, 2, 3, 0, 102, 3, 122, 59, 142, 153, 2, 171, 2, 2, 1
1, 11, 33, 48, 7023, 1, 2, 2, 0, 103, 2, 124, 27, 141, 151, 2, 174, 2, 1, 2
3, 29, 34, 410, 10340, 0, 4, 3, 0, 102, 2, 123, 43, 143, 151, 2, 173, 2, 2, 2
3, 36, 30, 46, 11092, 3, 3, 3, 0, 101, 3, 121, 73, 142, 153, 4, 171, 1, 2, 2
3, 42, 33, 49, 11062, 0, 2, 3, 0, 102, 1, 123, 24, 141, 153, 4, 172, 1, 2, 2
0, 10, 31, 46, 8033, 4, 2, 3, 0, 102, 1, 123, 50, 141, 153, 1, 173, 2, 2, 1
1, 66, 34, 42, 17161, 1, 4, 4, 0, 101, 1, 121, 51, 143, 152, 3, 173, 1, 2, 1
2, 37, 30, 49, 2350, 1, 5, 2, 0, 103, 4, 123, 60, 143, 153, 3, 171, 2, 2, 2
1, 27, 32, 40, 1493, 2, 5, 3, 0, 101, 1, 124, 73, 141, 152, 1, 172, 1, 1, 1
2, 55, 34, 46, 13411, 1, 2, 3, 0, 103, 2, 124, 50, 143, 153, 3, 172, 2, 2, 1
3, 12, 32, 48, 3166, 1, 5, 2, 0, 102, 2, 121, 39, 143, 152, 2, 171, 2, 2, 1
3, 45, 33, 40, 9577, 2, 3, 1, 0, 103, 1, 123, 38, 142, 151, 1, 171, 1, 2, 2
0, 31, 33, 40, 9417, 2, 5, 4, 0, 102, 1, 121, 29, 141, 153, 3, 173, 2, 2, 2
3, 64, 31, 410, 1942, 0, 2, 2, 0, 102, 2, 123, 45, 143, 152, 4, 171, 1, 2, 1
3, 35, 33, 49, 2987, 1, 3, 3, 0, 103, 4, 121, 46, 141, 153, 1, 171, 2, 1, 2
3, 46, 34, 43, 2252, 2, 1, 1, 0, 101, 3, 124, 39, 143, 152, 2, 174, 1, 2, 2
1, 51, 34, 49, 3059, 0, 3, 1, 0, 103, 3, 123, 21, 142, 152, 1, 172, 2, 2, 1
2, 24, 31, 45, 2833, 3, 5, 2, 0, 102, 2, 123, 75, 142, 151, 3, 171, 2, 1, 2
0, 72, 34, 410, 7004, 4, 4, 2, 0, 102, 4, 122, 45, 143, 153, 3, 174, 1, 2, 1
2, 38, 33, 44, 4545, 4, 1, 1, 0, 101, 1, 124, 44, 143, 152, 4, 174, 2, 2, 2
2, 9, 33, 42, 12598, 2, 5, 4, 0, 101, 3, 124, 45, 141, 152, 3, 171, 1, 2, 2
3, 72, 31, 46, 13061, 3, 2, 3, 0, 102, 2, 122, 58, 142, 151, 2, 171, 1, 1, 2
2, 40, 30, 48, 1312, 0, 1, 4, 0, 102, 2, 124, 72, 143, 152, 2, 173, 2, 2, 1
1, 21, 32, 46, 18281, 3, 3, 2, 0, 103, 3, 121, 69, 143, 151, 2, 172, 1, 1, 1
1, 44, 31, 41, 6882, 2, 3, 1, 0, 102, 3, 121, 67, 143, 153, 3, 171, 2, 2, 2
3, 33, 34, 43, 18196, 3, 5, 4, 0, 102, 3, 121, 46, 143, 152, 1, 173, 1, 2, 1
3, 18, 34, 43, 4997, 0, 5, 3, 0, 103, 3, 121, 30, 141, 152, 1, 171, 1, 1, 2
3, 47, 31, 45, 17428, 1, 3, 1, 0, 101, 2, 124, 34, 142, 152, 1, 174, 2, 1, 1
3, 5, 32, 42, 11935, 0, 5, 2, 0, 102, 3, 124, 73, 141, 152, 2, 172, 1, 2, 2
3, 5, 31, 42, 5641, 1, 2, 1, 0, 101, 1, 122, 26, 141, 152, 2, 171, 1, 1, 2
2, 50, 31, 41, 18284, 2, 2, 3, 0, 103, 2, 124, 72, 142, 152, 1, 172, 1, 1, 1
3, 62, 34, 44, 7317, 4, 1, 4, 0, 101, 1, 124, 72, 142, 152, 3, 173, 2, 1, 2
2, 8, 31, 42, 13030, 4, 5, 1, 0, 103, 3, 123, 32, 142, 151, 3, 173, 2, 1, 1
2, 43, 33, 49, 14569, 1, 5, 1, 0, 102, 1, 122, 66, 141, 151, 3, 174, 1, 1, 1
1, 21, 33, 48, 2436, 0, 5, 1, 0, 101, 2, 122, 38, 142, 151, 2, 171, 2, 2, 2
2, 14, 31, 49, 4032, 1, 3, 1, 0, 103, 1, 124, 66, 143, 152, 1, 174, 1, 1, 2
2, 23, 34, 45, 16243, 2, 4, 4, 0, 101, 4, 121, 20, 143, 152, 1, 174, 1, 2, 2
0, 57, 31, 42, 4196, 0, 5, 3, 0, 102, 2, 121, 34, 141, 153, 4, 174, 1, 2, 1
0, 25, 31, 41, 3625, 2, 4, 1, 0, 101, 3, 122, 37, 142, 153, 3, 174, 2, 1, 1
1, 51, 30, 44, 7676, 4, 2, 3, 0, 101, 2, 124, 52, 141, 152, 4, 172, 1, 2, 2
2, 45, 31, 46, 15106, 1, 3, 1, 0, 103, 1, 124, 63, 143, 153, 1, 172, 1, 1, 2
0, 45, 34, 41, 8653, 3, 3, 2, 0, 102, 4, 122, 57, 141, 153, 2, 173, 2, 1, 1
2, 23, 30, 42, 7061, 0, 2, 1, 0, 102, 2, 123, 66, 141, 152, 1, 173, 1, 1, 1
2, 30, 32, 41, 1469, 4, 5, 1, 0, 102, 3, 123, 58, 141, 151, 1, 171, 1, 2, 1
3, 59, 32, 48, 8180, 4, 3, 1, 0, 102, 2, 122, 65, 143, 153, 4, 172, 1, 1, 1
2, 42, 32, 43, 13577, 2, 5, 1, 0, 102, 4, 122, 40, 143, 151, 4, 172, 1, 1, 2
1, 48, 31, 45, 17120, 4, 1, 1, 0, 103, 1, 121, 42, 143, 151, 1, 173, 1, 1, 2
0, 49, 33, 410, 9689, 4, 2, 4, 0, 103, 4, 123, 34, 141, 151, 3, 174, 2, 2, 1
1, 6, 30, 410, 10412, 1, 2, 2, 0, 103, 1, 124, 41, 142, 153, 4, 173, 1, 2, 1
2, 54, 32, 46, 11601, 4, 4, 1, 0, 102, 1, 121, 63, 141, 152, 3, 173, 1, 2, 1
2, 29, 34, 44, 5100, 3, 4, 1, 0, 101, 3, 122, 54, 143, 152, 3, 172, 1, 1, 1
3, 11, 32, 44, 13977, 4, 3, 1, 0, 103, 4, 124, 45, 141, 153, 1, 173, 2, 1, 1
0, 23, 33, 43, 5510, 0, 5, 2, 0, 102, 1, 123, 50, 143, 151, 3, 174, 1, 2, 1
3, 53, 34, 43, 14811, 2, 2, 2, 0, 103, 4, 123, 25, 142, 153, 4, 172, 1, 1, 1
3, 26, 34, 49, 10578, 3, 5, 3, 0, 102, 4, 122, 67, 142, 151, 3, 174, 2, 1, 2
2, 42, 30, 40, 15850, 2, 3, 1, 0, 103, 4, 123, 51, 143, 151, 2, 172, 2, 1, 2
2, 30, 32, 40, 3750, 3, 4, 1, 0, 102, 3, 124, 70, 141, 151, 3, 174, 2, 1, 1
1, 57, 31, 48, 15700, 0, 5, 2, 0, 103, 4, 124, 45, 143, 153, 3, 171, 1, 1, 2
0, 70, 30, 410, 8869, 3, 3, 3, 0, 102, 1, 122, 49, 141, 153, 2, 173, 2, 1, 2
3, 14, 31, 43, 12694, 4, 1, 2, 0, 102, 3, 122, 39, 142, 153, 2, 174, 2, 2, 2
0, 33, 34, 45, 17009, 1, 1, 3, 0, 102, 2, 122, 63, 142, 151, 4, 172, 2, 2, 2
2, 68, 32, 46, 11191, 4, 1, 1, 0, 101, 2, 122, 48, 143, 153, 2, 174, 1, 2, 2
3, 52, 32, 41, 5357, 3, 2, 1, 0, 103, 2, 122, 54, 141, 152, 2, 174, 1, 2, 2
3, 71, 31, 48, 1143, 2, 3, 4, 0, 102, 3, 121, 43, 143, 151, 2, 171, 1, 1, 2
2, 17, 30, 49, 1719, 4, 3, 3, 0, 102, 1, 121, 32, 143, 151, 3, 173, 2, 2, 2
1, 68, 32, 43, 7878, 0, 3, 4, 0, 101, 4, 122, 22, 142, 151, 4, 172, 1, 2, 2
2, 69, 32, 48, 10840, 0, 1, 1, 0, 102, 4, 121, 74, 141, 153, 1, 174, 1, 2, 2
0, 13, 32, 410, 12207, 1, 1, 1, 0, 102, 2, 121, 26, 142, 152, 1, 174, 1, 2, 2
0, 64, 30, 410, 13188, 0, 5, 3, 0, 103, 1, 122, 45, 141, 151, 1, 173, 2, 2, 1
3, 54, 33, 43, 16616, 0, 1, 2, 0, 102, 2, 123, 56, 142, 153, 3, 171, 1, 1, 1
0, 22, 33, 44, 13206, 3, 2, 1, 0, 101, 4, 124, 51, 143, 151, 4, 171, 1, 1, 2
1, 25, 31, 41, 6754, 1, 1, 2, 0, 102, 1, 122, 22, 141, 153, 3, 174, 1, 1, 1
3, 47, 30, 44, 1577, 3, 4, 3, 0, 103, 4, 123, 19, 143, 151, 2, 174, 1, 2, 1
0, 9, 32, 42, 3468, 2, 2, 3, 0, 103, 2, 121, 67, 143, 151, 2, 174, 2, 1, 1
2, 72, 33, 43, 1626, 3, 4, 3, 0, 101, 3, 122, 21, 141, 152, 4, 174, 1, 2, 2
0, 54, 30, 49, 17573, 2, 4, 1, 0, 101, 4, 123, 65, 141, 151, 3, 174, 1, 2, 2
2, 61, 34, 45, 10987, 3, 4, 4, 0, 103, 4, 123, 40, 141, 152, 4, 174, 2, 2, 1
3, 54, 30, 44, 18065, 0, 2, 1, 0, 102, 1, 123, 71, 141, 151, 2, 173, 2, 2, 2
1, 59, 30, 48, 17017, 4, 4, 2, 0, 103, 4, 123, 20, 141, 151, 4, 174, 1, 1, 2
0, 12, 30, 44, 16100, 0, 2, 1, 0, 101, 4, 123, 37, 141, 151, 3, 172, 1, 2, 1
2, 17, 33, 42, 4204, 2, 3, 4, 0, 102, 4, 123, 49, 141, 153, 3, 171, 2, 2, 2
3, 18, 34, 48, 10168, 1, 4, 3, 0, 103, 1, 123, 33, 142, 152, 1, 174, 1, 2, 1
3, 46, 34, 45, 5000, 3, 1, 3, 0, 101, 1, 121, 66, 142, 152, 2, 171, 2, 1, 1
3, 10, 30, 46, 12403, 1, 2, 2, 0, 102, 1, 123, 52, 141, 152, 3, 173, 1, 1, 1
3, 15, 31, 40, 1801, 3, 5, 2, 0, 101, 4, 121, 70, 143, 151, 3, 172, 2, 2, 1
0, 5, 31, 410, 11841, 0, 1, 3, 0, 101, 2, 124, 56, 141, 151, 3, 174, 1, 2, 1
3, 13, 33, 48, 2545, 4, 4, 1, 0, 101, 1, 122, 62, 143, 152, 2, 172, 2, 2, 1
3, 24, 34, 410, 17406, 2, 1, 2, 0, 102, 1, 121, 48, 142, 152, 3, 171, 2, 2, 2
1, 25, 31, 43, 8836, 0, 2, 1, 0, 101, 1, 124, 22, 143, 151, 1, 171, 2, 1, 1
3, 40, 34, 42, 1520, 4, 3, 1, 0, 101, 4, 121, 57, 141, 152, 2, 173, 2, 1, 2
0, 53, 32, 42, 4123, 3, 1, 4, 0, 102, 1, 122, 34, 141, 152, 1, 173, 1, 1, 2
2, 10, 31, 410, 12948, 4, 2, 4, 0, 101, 4, 124, 53, 143, 153, 1, 174, 1, 2, 1
3, 7, 34, 49, 13370, 3, 1, 4, 0, 103, 4, 122, 40, 143, 152, 2, 174, 2, 2, 2
1, 31, 31, 43, 4113, 2, 2, 1, 0, 102, 1, 122, 64, 142, 152, 4, 171, 1, 1, 1
2, 18, 31, 48, 3504, 4, 1, 4, 0, 101, 4, 121, 59, 143, 153, 1, 171, 1, 1, 2
1, 66, 32, 46, 11417, 0, 3, 4, 0, 103, 2, 124, 23, 143, 152, 3, 174, 2, 1, 2
2, 12, 34, 48, 13797, 2, 5, 3, 0, 102, 2, 122, 70, 143, 152, 2, 174, 1, 2, 1
1, 17, 31, 43, 3817, 0, 3, 3, 0, 102, 3, 124, 44, 143, 152, 4, 172, 2, 1, 2
0, 25, 31, 42, 11356, 1, 4, 3, 0, 101, 3, 124, 64, 142, 153, 2, 173, 1, 1, 1
0, 7, 34, 41, 1961, 2, 1, 4, 0, 103, 1, 122, 34, 142, 151, 3, 171, 2, 2, 2
0, 38, 32, 42, 13525, 4, 5, 1, 0, 102, 1, 123, 42, 141, 152, 3, 171, 2, 1, 1
3, 48, 31, 45, 5331, 3, 4, 3, 0, 103, 4, 122, 75, 141, 153, 3, 173, 1, 1, 1
0, 5, 31, 48, 14619, 0, 5, 4, 0, 101, 1, 121, 47, 143, 151, 1, 174, 1, 1, 2
3, 31, 30, 42, 7342, 3, 3, 3, 0, 102, 1, 124, 71, 142, 152, 2, 173, 1, 1, 1
3, 72, 30, 45, 13919, 0, 1, 1, 0, 103, 3, 122, 59, 142, 152, 4, 171, 2, 1, 2
3, 64, 30, 48, 1460, 0, 4, 4, 0, 103, 4, 124, 36, 142, 151, 1, 174, 1, 1, 2
3, 4, 34, 49, 13155, 3, 3, 4, 0, 101, 4, 124, 20, 142, 153, 1, 173, 2, 2, 1
0, 31, 31, 48, 1635, 1, 4, 3, 0, 101, 4, 121, 28, 142, 152, 4, 172, 1, 1, 1
1, 16, 33, 49, 14340, 0, 3, 1, 0, 101, 4, 123, 40, 142, 151, 2, 173, 2, 1, 1
2, 30, 32, 44, 3151, 3, 5, 4, 0, 103, 1, 124, 50, 142, 151, 3, 174, 2, 2, 1
0, 29, 31, 49, 12143, 3, 1, 3, 0, 103, 1, 121, 28, 142, 152, 2, 173, 2, 1, 1
3, 44, 33, 44, 5351, 4, 1, 1, 0, 102, 4, 123, 72, 142, 153, 1, 172, 2, 2, 2
3, 49, 31, 49, 17802, 0, 1, 3, 0, 102, 2, 124, 27, 143, 152, 1, 173, 2, 1, 2
1, 5, 30, 45, 2087, 1, 5, 2, 0, 101, 1, 122, 67, 142, 153, 4, 171, 1, 1, 2
2, 62, 30, 45, 11551, 3, 1, 2, 0, 101, 4, 122, 37, 141, 151, 3, 171, 2, 2, 2
3, 16, 31, 41, 12835, 1, 5, 1, 0, 103, 2, 123, 22, 141, 153, 4, 173, 2, 1, 2
2, 61, 30, 40, 6668, 2, 5, 4, 0, 101, 4, 122, 30, 143, 151, 4, 171, 1, 1, 2
2, 37, 31, 46, 12722, 1, 1, 2, 0, 101, 2, 123, 75, 142, 151, 3, 173, 2, 2, 2
0, 16, 32, 43, 5004, 4, 1, 1, 0, 102, 2, 123, 21, 143, 152, 2, 171, 1, 1, 1
2, 54, 30, 49, 13727, 0, 5, 4, 0, 101, 1, 124, 21, 143, 151, 3, 173, 2, 2, 1
2, 17, 34, 48, 9703, 4, 1, 1, 0, 101, 4, 124, 54, 143, 151, 1, 174, 1, 2, 2
3, 18, 34, 45, 375, 3, 3, 1, 0, 101, 4, 122, 36, 141, 152, 3, 171, 2, 2, 1
0, 47, 31, 41, 7301, 4, 4, 2, 0, 102, 4, 124, 58, 142, 151, 1, 173, 2, 1, 2
2, 44, 32, 43, 12293, 4, 1, 3, 0, 101, 2, 122, 51, 143, 151, 1, 174, 2, 1, 2
0, 54, 34, 46, 13192, 3, 1, 1, 0, 101, 4, 121, 19, 141, 152, 1, 171, 2, 1, 1
0, 16, 34, 45, 7834, 1, 3, 2, 0, 101, 1, 124, 32, 142, 153, 3, 173, 2, 1, 2
0, 10, 31, 43, 17647, 4, 4, 1, 0, 102, 1, 123, 67, 143, 152, 3, 174, 1, 1, 1
0, 11, 32, 40, 707, 3, 1, 3, 0, 102, 1, 122, 44, 142, 151, 3, 172, 1, 2, 1
3, 72, 31, 410, 3452, 2, 5, 1, 0, 101, 3, 121, 65, 143, 153, 4, 172, 1, 1, 1
2, 15, 33, 44, 7498, 4, 1, 2, 0, 102, 1, 121, 32, 142, 151, 4, 174, 2, 1, 2
3, 8, 30, 44, 15914, 1, 1, 4, 0, 103, 1, 123, 54, 142, 151, 2, 174, 1, 2, 2
3, 64, 34, 46, 1774, 2, 2, 1, 0, 101, 4, 121, 20, 142, 153, 1, 171, 1, 2, 2
0, 54, 33, 48, 8277, 4, 1, 2, 0, 101, 1, 121, 73, 143, 151, 2, 171, 2, 2, 2
1, 63, 30, 49, 12503, 3, 1, 2, 0, 102, 1, 123, 51, 141, 153, 2, 174, 1, 1, 2
1, 47, 33, 410, 3768, 4, 1, 3, 0, 101, 4, 121, 24, 143, 151, 2, 171, 2, 2, 1
1, 48, 32, 49, 15286, 3, 1, 2, 0, 103, 1, 121, 22, 142, 152, 3, 171, 1, 1, 1
2, 26, 33, 49, 17825, 0, 3, 3, 0, 103, 4, 124, 50, 142, 152, 1, 173, 2, 2, 1
1, 27, 31, 410, 9325, 1, 5, 4, 0, 103, 1, 124, 42, 143, 152, 4, 171, 2, 2, 1
0, 30, 32, 410, 17611, 2, 4, 2, 0, 101, 1, 121, 22, 141, 151, 2, 171, 2, 2, 2
3, 27, 31, 49, 9936, 2, 4, 4, 0, 101, 1, 124, 30, 141, 153, 2, 172, 2, 2, 1
1, 24, 30, 410, 1686, 1, 4, 1, 0, 101, 3, 124, 37, 141, 152, 4, 171, 1, 1, 2
3, 34, 34, 43, 10162, 0, 2, 2, 0, 101, 4, 123, 20, 143, 153, 4, 171, 1, 1, 2
1, 57, 30, 40, 9433, 2, 3, 3, 0, 103, 2, 122, 32, 141, 151, 3, 171, 2, 2, 1
1, 34, 33, 49, 7195, 4, 5, 2, 0, 103, 4, 124, 33, 143, 153, 2, 174, 1, 1, 2
3, 4, 30, 46, 4741, 2, 1, 3, 0, 101, 3, 124, 57, 141, 152, 3, 171, 1, 1, 1
3, 42, 32, 410, 7429, 1, 2, 2, 0, 103, 4, 123, 55, 141, 152, 4, 174, 1, 1, 2
1, 55, 34, 40, 5490, 2, 2, 1, 0, 101, 3, 122, 72, 142, 152, 3, 172, 2, 2, 1
2, 23, 31, 46, 8896, 4, 1, 4, 0, 102, 2, 123, 56, 142, 152, 2, 172, 2, 1, 1
3, 70, 31, 42, 1654, 0, 5, 2, 0, 101, 1, 124, 64, 142, 151, 3, 171, 2, 2, 1
1, 17, 33, 45, 17193, 2, 1, 1, 0, 103, 2, 121, 26, 143, 151, 4, 173, 2, 1, 2
2, 17, 31, 40, 10738, 2, 4, 2, 0, 102, 4, 121, 60, 141, 151, 3, 173, 1, 1, 1
2, 37, 34, 43, 3254, 0, 5, 4, 0, 102, 1, 124, 46, 143, 153, 3, 171, 1, 1, 1
3, 9, 32, 48, 403, 2, 2, 3, 0, 102, 3, 121, 31, 141, 152, 4, 173, 2, 2, 1
0, 28, 33, 44, 2225, 4, 1, 1, 0, 101, 4, 123, 30, 141, 153, 2, 172, 2, 1, 1
3, 9, 31, 43, 913, 1, 5, 1, 0, 102, 1, 124, 66, 143, 153, 1, 171, 2, 2, 1
2, 15, 34, 42, 11753, 0, 4, 3, 0, 102, 3, 124, 19, 143, 152, 3, 172, 1, 2, 2
0, 44, 33, 46, 7498, 4, 5, 1, 0, 101, 3, 122, 19, 141, 153, 4, 172, 1, 2, 1
1, 68, 30, 46, 4250, 4, 2, 3, 0, 103, 1, 123, 32, 141, 151, 1, 171, 1, 2, 1
3, 36, 31, 40, 4889, 4, 5, 4, 0, 103, 2, 121, 29, 142, 153, 3, 174, 1, 1, 2
0, 25, 31, 45, 12161, 1, 5, 2, 0, 103, 3, 124, 38, 141, 153, 1, 172, 2, 2, 1
0, 5, 34, 410, 841, 4, 4, 3, 0, 102, 1, 124, 23, 143, 153, 3, 174, 2, 1, 2
2, 5, 32, 42, 8792, 2, 5, 4, 0, 103, 1, 121, 65, 143, 153, 3, 171, 2, 2, 1
2, 63, 32, 49, 1779, 1, 3, 1, 0, 102, 2, 121, 56, 143, 152, 2, 174, 1, 2, 2
0, 65, 30, 45, 17205, 2, 1, 1, 0, 101, 3, 122, 45, 142, 153, 3, 172, 2, 1, 2
0, 18, 32, 43, 18269, 3, 2, 4, 0, 102, 2, 123, 52, 141, 152, 4, 174, 1, 1, 1
3, 49, 31, 45, 2174, 0, 2, 4, 0, 103, 2, 122, 32, 141, 153, 3, 174, 2, 1, 1
3, 38, 32, 48, 1615, 4, 3, 4, 0, 101, 3, 124, 46, 142, 153, 1, 172, 2, 2, 1
1, 5, 31, 410, 15685, 2, 3, 4, 0, 102, 1, 124, 48, 141, 153, 4, 171, 1, 1, 2
1, 29, 30, 48, 17531, 0, 4, 4, 0, 103, 2, 121, 53, 142, 151, 3, 171, 2, 1, 1
0, 26, 32, 41, 1363, 3, 2, 2, 0, 101, 2, 121, 63, 142, 152, 4, 174, 2, 2, 2
3, 7, 31, 410, 2316, 1, 2, 1, 0, 102, 1, 124, 36, 142, 151, 4, 171, 2, 2, 2
3, 41, 34, 410, 2211, 0, 2, 2, 0, 101, 2, 122, 19, 142, 152, 3, 173, 2, 1, 1
3, 16, 31, 44, 3139, 4, 5, 2, 0, 102, 4, 123, 57, 143, 153, 2, 172, 1, 2, 1
1, 51, 32, 46, 3305, 4, 2, 1, 0, 103, 3, 123, 20, 143, 152, 4, 171, 1, 2, 2
3, 13, 33, 49, 9030, 0, 1, 3, 0, 102, 3, 122, 24, 143, 152, 4, 174, 1, 2, 1
2, 50, 32, 48, 11061, 0, 5, 4, 0, 103, 2, 122, 71, 142, 152, 4, 173, 2, 1, 1
0, 50, 33, 44, 6743, 0, 2, 1, 0, 101, 4, 124, 34, 141, 153, 4, 172, 2, 1, 1
3, 41, 30, 44, 10585, 3, 5, 1, 0, 103, 2, 123, 55, 142, 153, 4, 171, 2, 2, 2
1, 21, 34, 41, 12781, 0, 4, 1, 0, 102, 1, 124, 32, 142, 152, 2, 172, 1, 1, 1
3, 35, 34, 44, 679, 2, 3, 1, 0, 102, 3, 121, 22, 141, 151, 4, 172, 1, 1, 2
1, 8, 34, 45, 5238, 2, 5, 3, 0, 103, 4, 121, 40, 143, 153, 1, 172, 1, 2, 2
3, 43, 31, 42, 13708, 1, 4, 1, 0, 101, 1, 123, 42, 141, 153, 2, 173, 1, 2, 2
2, 45, 31, 46, 3018, 4, 2, 3, 0, 102, 2, 122, 45, 141, 151, 4, 173, 2, 1, 2
3, 53, 33, 49, 2751, 0, 3, 2, 0, 103, 4, 121, 56, 143, 153, 2, 172, 2, 1, 1
1, 56, 30, 40, 16550, 2, 5, 4, 0, 103, 3, 123, 31, 143, 153, 3, 172, 1, 1, 2
2, 70, 32, 410, 11327, 3, 3, 2, 0, 103, 4, 124, 47, 143, 152, 2, 174, 1, 2, 2
2, 13, 31, 40, 1948, 0, 1, 1, 0, 102, 3, 124, 52, 143, 152, 3, 174, 1, 2, 1
3, 59, 31, 46, 8386, 0, 1, 2, 0, 101, 4, 122, 32, 141, 152, 3, 172, 1, 1, 1
3, 32, 33, 41, 1849, 4, 3, 4, 0, 101, 2, 124, 28, 142, 152, 1, 174, 1, 1, 2
3, 37, 34, 46, 12228, 2, 4, 2, 0, 103, 1, 124, 46, 143, 153, 4, 172, 1, 1, 1
0, 12, 32, 41, 17726, 1, 1, 4, 0, 103, 1, 121, 38, 143, 153, 1, 172, 2, 1, 1
0, 7, 31, 41, 4467, 1, 5, 4, 0, 101, 4, 123, 52, 142, 153, 3, 171, 2, 1, 2
0, 62, 31, 46, 14131, 1, 1, 2, 0, 101, 4, 121, 27, 141, 153, 4, 174, 2, 2, 1
3, 48, 34, 40, 426, 2, 4, 3, 0, 103, 2, 123, 45, 143, 153, 3, 172, 1, 1, 1
2, 7, 31, 44, 18117, 2, 1, 2, 0, 103, 2, 121, 72, 142, 152, 4, 173, 2, 1, 1
3, 22, 32, 44, 8439, 0, 2, 4, 0, 103, 4, 123, 46, 141, 151, 3, 172, 2, 1, 1
3, 70, 30, 49, 8437, 3, 1, 2, 0, 103, 1, 124, 27, 141, 151, 1, 174, 2, 2, 2
3, 42, 31, 44, 7353, 3, 2, 3, 0, 102, 3, 123, 51, 142, 152, 4, 174, 1, 1, 2
3, 53, 32, 41, 6170, 1, 2, 1, 0, 102, 2, 124, 56, 143, 151, 2, 172, 1, 1, 2
0, 23, 32, 44, 11569, 1, 3, 2, 0, 103, 3, 121, 42, 141, 153, 2, 171, 2, 2, 2
2, 62, 34, 43, 5378, 4, 2, 1, 0, 103, 2, 124, 49, 141, 152, 4, 172, 1, 2, 2
1, 19, 30, 49, 17588, 4, 3, 2, 0, 103, 2, 123, 31, 141, 153, 1, 171, 2, 2, 1
0, 17, 30, 41, 9638, 0, 4, 4, 0, 103, 4, 122, 67, 143, 151, 2, 174, 1, 2, 2
2, 45, 32, 410, 15061, 1, 2, 1, 0, 103, 3, 123, 57, 143, 151, 3, 172, 1, 2, 2
1, 61, 31, 48, 15437, 3, 1, 3, 0, 102, 3, 123, 29, 141, 151, 2, 174, 2, 1, 2
0, 57, 33, 40, 2849, 0, 3, 3, 0, 102, 1, 124, 29, 142, 151, 3, 172, 2, 1, 1
3, 58, 34, 40, 9924, 3, 1, 4, 0, 102, 4, 123, 38, 143, 152, 4, 173, 2, 2, 2
2, 27, 33, 45, 9608, 1, 5, 1, 0, 103, 4, 122, 36, 143, 152, 4, 174, 1, 2, 1
3, 59, 34, 43, 4540, 1, 4, 2, 0, 103, 4, 124, 26, 143, 152, 4, 171, 1, 2, 2
2, 12, 34, 41, 7189, 3, 3, 2, 0, 101, 2, 121, 34, 141, 151, 1, 171, 2, 1, 2
0, 51, 34, 43, 8027, 3, 5, 2, 0, 102, 3, 124, 20, 142, 151, 1, 171, 2, 1, 2
2, 71, 31, 43, 9829, 2, 1, 3, 0, 103, 1, 123, 27, 141, 151, 3, 171, 2, 1, 1
1, 60, 33, 42, 11841, 0, 5, 4, 0, 101, 3, 122, 24, 141, 153, 2, 172, 2, 1, 1
3, 55, 33, 40, 7356, 1, 4, 1, 0, 101, 1, 123, 65, 142, 153, 2, 173, 2, 1, 2
2, 55, 33, 46, 5619, 0, 4, 1, 0, 101, 1, 124, 54, 141, 152, 4, 173, 1, 2, 1
2, 16, 31, 48, 5162, 3, 3, 3, 0, 102, 2, 124, 73, 143, 152, 2, 174, 1, 1, 2
0, 40, 32, 40, 7721, 3, 5, 4, 0, 101, 3, 123, 39, 142, 152, 4, 173, 2, 2, 1
0, 21, 31, 42, 5471, 0, 1, 3, 0, 103, 2, 124, 72, 143, 153, 2, 173, 2, 1, 1
0, 41, 33, 40, 13010, 1, 3, 1, 0, 102, 2, 122, 32, 141, 151, 3, 173, 2, 2, 1
2, 39, 33, 43, 10385, 0, 5, 3, 0, 103, 3, 121, 46, 141, 152, 2, 172, 1, 2, 1
1, 43, 30, 46, 15640, 3, 5, 4, 0, 102, 1, 121, 57, 142, 151, 3, 171, 1, 2, 1
1, 19, 30, 48, 8305, 3, 2, 3, 0, 101, 3, 122, 23, 141, 151, 2, 173, 2, 2, 2
2, 67, 31, 46, 8154, 3, 5, 4, 0, 102, 2, 122, 51, 142, 152, 3, 172, 2, 1, 1
2, 5, 30, 43, 10539, 4, 4, 3, 0, 103, 4, 123, 70, 142, 152, 2, 171, 2, 2, 2
3, 50, 31, 410, 10048, 3, 1, 4, 0, 101, 4, 123, 57, 141, 153, 3, 174, 2, 2, 1
2, 23, 30, 40, 8974, 2, 3, 3, 0, 103, 2, 123, 72, 142, 151, 2, 173, 1, 2, 2
0, 12, 33, 45, 15343, 0, 5, 4, 0, 103, 4, 121, 72, 142, 151, 1, 172, 2, 1, 1
3, 70, 30, 49, 1879, 3, 3, 4, 0, 103, 1, 123, 62, 141, 151, 3, 171, 1, 2, 1
0, 64, 31, 49, 7856, 2, 1, 3, 0, 101, 1, 121, 26, 142, 151, 2, 174, 2, 1, 2
3, 69, 33, 41, 762, 3, 5, 1, 0, 101, 4, 121, 19, 143, 151, 1, 174, 2, 2, 2
3, 45, 33, 46, 9700, 4, 2, 2, 0, 101, 3, 122, 67, 141, 152, 2, 174, 2, 2, 2
0, 59, 34, 45, 8922, 2, 4, 1, 0, 101, 3, 121, 49, 143, 151, 1, 174, 1, 1, 2
2, 27, 34, 42, 3464, 0, 1, 4, 0, 101, 1, 124, 29, 143, 151, 4, 171, 2, 2, 2
1, 33, 33, 48, 16921, 1, 4, 3, 0, 102, 4, 124, 27, 142, 153, 3, 173, 1, 1, 2
3, 19, 34, 410, 15429, 4, 1, 2, 0, 101, 2, 124, 60, 143, 151, 4, 171, 1, 2, 2
1, 38, 30, 43, 10401, 4, 5, 1, 0, 102, 4, 124, 65, 143, 152, 2, 174, 1, 2, 1
3, 28, 32, 410, 17541, 0, 5, 2, 0, 102, 3, 124, 57, 141, 152, 4, 171, 1, 2, 1
0, 60, 30, 42, 14119, 3, 5, 2, 0, 102, 3, 123, 39, 143, 153, 2, 173, 1, 2, 1
2, 14, 31, 45, 11086, 4, 1, 2, 0, 102, 3, 122, 42, 141, 152, 1, 173, 2, 1, 1
2, 66, 34, 48, 11067, 2, 4, 4, 0, 103, 4, 122, 37, 142, 151, 4, 171, 1, 2, 2
2, 16, 30, 46, 8906, 2, 4, 2, 0, 102, 2, 123, 41, 143, 153, 4, 174, 2, 1, 2
0, 55, 33, 45, 2561, 2, 3, 4, 0, 101, 4, 123, 68, 141, 151, 3, 172, 2, 2, 1
3, 54, 32, 46, 8957, 0, 5, 2, 0, 102, 1, 122, 26, 143, 153, 1, 171, 1, 2, 2
0, 12, 33, 410, 2209, 0, 4, 3, 0, 102, 3, 121, 47, 143, 152, 2, 172, 1, 1, 2
3, 59, 34, 45, 2538, 1, 2, 3, 0, 102, 1, 122, 59, 143, 152, 4, 171, 1, 1, 2
3, 61, 31, 42, 12864, 3, 3, 3, 0, 102, 1, 123, 30, 143, 151, 4, 174, 2, 1, 2
0, 32, 33, 46, 2375, 2, 3, 2, 0, 101, 2, 122, 53, 142, 152, 4, 174, 2, 2, 1
1, 72, 31, 40, 16549, 0, 1, 4, 0, 103, 4, 121, 39, 143, 152, 4, 172, 2, 2, 1
3, 70, 34, 46, 16015, 4, 5, 4, 0, 103, 2, 124, 29, 143, 152, 3, 171, 2, 1, 2
0, 22, 30, 48, 13521, 4, 5, 3, 0, 101, 1, 122, 41, 141, 153, 2, 174, 2, 2, 2
0, 15, 32, 43, 15446, 2, 1, 4, 0, 101, 1, 121, 51, 142, 153, 4, 172, 1, 2, 1
3, 15, 30, 46, 601, 4, 5, 3, 0, 102, 4, 123, 73, 141, 153, 3, 171, 2, 1, 2
0, 34, 34, 44, 5398, 1, 4, 1, 0, 103, 1, 123, 55, 142, 152, 4, 171, 2, 1, 2
0, 9, 33, 44, 12084, 2, 4, 4, 0, 101, 2, 124, 41, 143, 151, 3, 171, 2, 1, 1
3, 34, 34, 40, 5211, 1, 5, 4, 0, 101, 4, 121, 42, 141, 151, 2, 172, 2, 1, 1
1, 59, 31, 49, 8454, 3, 2, 3, 0, 101, 4, 123, 21, 141, 152, 3, 173, 1, 2, 2
1, 67, 30, 44, 14956, 0, 3, 4, 0, 102, 2, 124, 55, 142, 153, 4, 174, 2, 1, 1
2, 58, 31, 42, 3998, 4, 5, 2, 0, 103, 3, 123, 45, 142, 153, 3, 172, 1, 1, 2
3, 29, 31, 43, 5890, 0, 2, 3, 0, 101, 2, 121, 62, 143, 153, 4, 173, 1, 1, 2
2, 69, 31, 410, 7994, 4, 1, 3, 0, 103, 1, 121, 60, 143, 151, 3, 173, 2, 1, 2
3, 35, 30, 44, 1732, 4, 4, 2, 0, 102, 2, 121, 41, 142, 151, 2, 174, 2, 2, 1
1, 28, 33, 40, 1646, 2, 5, 1, 0, 102, 1, 122, 22, 143, 153, 4, 172, 2, 1, 2
2, 11, 31, 40, 16892, 3, 4, 1, 0, 101, 4, 121, 68, 143, 152, 1, 172, 1, 2, 2
1, 31, 32, 42, 1328, 4, 5, 1, 0, 101, 3, 123, 22, 143, 151, 1, 171, 2, 1, 1
3, 54, 32, 45, 14259, 4, 4, 3, 0, 102, 4, 123, 61, 141, 153, 2, 173, 1, 1, 2
3, 22, 33, 46, 5164, 0, 3, 4, 0, 103, 4, 123, 70, 143, 151, 3, 172, 1, 1, 1
3, 20, 34, 48, 16664, 4, 1, 1, 0, 101, 4, 124, 62, 142, 153, 1, 173, 2, 2, 1
1, 62, 34, 44, 16604, 3, 3, 4, 0, 103, 4, 121, 62, 141, 152, 2, 172, 1, 2, 1
1, 14, 33, 48, 17854, 3, 3, 3, 0, 103, 3, 124, 69, 142, 153, 1, 172, 1, 1, 2
3, 18, 31, 48, 9400, 3, 5, 2, 0, 101, 3, 122, 28, 142, 151, 1, 173, 2, 1, 2
3, 59, 32, 46, 14470, 4, 1, 3, 0, 101, 2, 121, 63, 141, 153, 2, 171, 2, 2, 2
3, 39, 30, 48, 3205, 1, 2, 4, 0, 103, 1, 121, 23, 141, 152, 1, 173, 2, 2, 2
2, 40, 30, 41, 7948, 1, 2, 1, 0, 102, 3, 121, 56, 141, 151, 2, 173, 2, 2, 2
1, 25, 32, 40, 9152, 1, 5, 4, 0, 101, 1, 122, 58, 142, 151, 3, 172, 1, 2, 1
2, 14, 30, 42, 11253, 2, 5, 4, 0, 103, 4, 122, 20, 143, 153, 1, 171, 1, 1, 2
2, 68, 34, 46, 15294, 4, 5, 4, 0, 101, 4, 121, 28, 143, 153, 3, 171, 2, 1, 2
1, 24, 30, 43, 17315, 3, 4, 2, 0, 103, 3, 122, 47, 141, 152, 3, 173, 1, 2, 1
1, 6, 32, 42, 7229, 1, 3, 3, 0, 103, 1, 123, 73, 143, 151, 4, 174, 2, 2, 2
1, 70, 30, 40, 3176, 3, 2, 4, 0, 103, 3, 122, 31, 141, 153, 2, 174, 2, 2, 2
0, 67, 34, 40, 10293, 0, 5, 1, 0, 102, 4, 124, 73, 143, 152, 1, 171, 1, 1, 1
1, 45, 32, 49, 3886, 4, 1, 3, 0, 102, 1, 124, 74, 141, 152, 4, 171, 1, 1, 1
2, 72, 31, 43, 5745, 3, 3, 3, 0, 101, 2, 124, 32, 142, 153, 4, 172, 1, 2, 1
0, 68, 34, 46, 8084, 1, 4, 3, 0, 101, 4, 121, 52, 143, 151, 1, 174, 2, 1, 1
0, 18, 33, 42, 9005, 2, 2, 4, 0, 103, 3, 124, 55, 143, 152, 3, 172, 2, 2, 1
2, 72, 32, 48, 7844, 1, 1, 3, 0, 102, 3, 121, 72, 141, 151, 3, 174, 2, 1, 2
0, 55, 34, 48, 6640, 3, 4, 1, 0, 103, 4, 122, 56, 141, 153, 2, 173, 2, 2, 1
2, 23, 34, 44, 6349, 4, 4, 1, 0, 103, 1, 121, 23, 141, 152, 4, 172, 2, 2, 1
3, 26, 34, 43, 2692, 3, 5, 2, 0, 102, 3, 124, 63, 141, 153, 1, 173, 1, 2, 1
3, 35, 34, 43, 7245, 0, 5, 3, 0, 103, 1, 123, 34, 143, 152, 1, 173, 2, 2, 1
3, 12, 32, 44, 2557, 2, 1, 2, 0, 101, 1, 124, 61, 143, 152, 1, 172, 2, 1, 1
2, 25, 32, 43, 5402, 0, 5, 4, 0, 103, 2, 123, 30, 142, 153, 3, 172, 2, 1, 1
2, 61, 30, 41, 1932, 3, 5, 2, 0, 101, 1, 122, 56, 142, 153, 3, 173, 1, 2, 2
2, 23, 32, 44, 17394, 3, 4, 3, 0, 103, 1, 123, 34, 143, 152, 4, 171, 1, 2, 1
3, 66, 34, 48, 5090, 0, 5, 2, 0, 101, 1, 122, 65, 143, 152, 3, 172, 2, 2, 1
0, 17, 31, 46, 17684, 1, 1, 2, 0, 101, 2, 122, 37, 141, 151, 4, 174, 1, 2, 2
1, 17, 33, 410, 11038, 3, 1, 1, 0, 102, 4, 124, 44, 141, 151, 2, 173, 1, 2, 1
1, 10, 31, 46, 13668, 1, 2, 3, 0, 101, 4, 121, 75, 142, 152, 1, 171, 2, 1, 1
1, 66, 30, 48, 10548, 3, 3, 1, 0, 101, 2, 124, 52, 141, 152, 1, 171, 2, 2, 2
3, 39, 34, 41, 3225, 4, 5, 1, 0, 103, 1, 124, 39, 142, 152, 1, 173, 2, 2, 1
0, 37, 31, 42, 1301, 3, 3, 2, 0, 101, 3, 124, 69, 142, 153, 4, 171, 2, 2, 2
3, 52, 30, 44, 2607, 1, 2, 1, 0, 103, 3, 121, 28, 142, 151, 3, 171, 1, 2, 2
2, 68, 33, 48, 9112, 3, 5, 2, 0, 102, 4, 123, 32, 142, 152, 3, 171, 1, 2, 1
1, 55, 32, 43, 5512, 1, 4, 3, 0, 103, 1, 121, 55, 141, 152, 4, 173, 1, 2, 1
2, 66, 32, 46, 5715, 3, 4, 4, 0, 102, 1, 121, 22, 143, 152, 3, 174, 1, 1, 2
2, 7, 30, 45, 9130, 4, 5, 4, 0, 103, 3, 122, 70, 142, 152, 3, 173, 2, 1, 2
1, 52, 33, 410, 9706, 2, 4, 3, 0, 102, 3, 124, 53, 141, 152, 2, 173, 1, 1, 1
1, 22, 32, 42, 15565, 2, 3, 4, 0, 103, 1, 122, 60, 142, 151, 3, 174, 2, 1, 1
2, 66, 31, 410, 836, 1, 4, 1, 0, 102, 2, 122, 50, 141, 151, 2, 174, 1, 1, 2
1, 44, 32, 49, 7209, 2, 3, 1, 0, 103, 1, 123, 66, 143, 152, 1, 173, 1, 1, 1
2, 29, 32, 41, 10287, 0, 5, 2, 0, 103, 1, 122, 31, 142, 151, 2, 173, 2, 1, 2
0, 43, 34, 46, 3216, 3, 2, 3, 0, 101, 1, 124, 56, 142, 153, 1, 171, 2, 1, 2
3, 55, 30, 49, 15014, 2, 3, 4, 0, 103, 2, 124, 36, 141, 151, 4, 174, 2, 1, 1
0, 21, 34, 40, 2714, 0, 1, 3, 0, 101, 4, 123, 41, 142, 153, 3, 174, 1, 2, 1
3, 20, 34, 45, 10590, 4, 1, 2, 0, 103, 3, 124, 30, 141, 152, 3, 174, 1, 2, 2
1, 21, 32, 46, 6085, 1, 5, 4, 0, 103, 2, 122, 75, 143, 152, 2, 171, 1, 1, 2
0, 55, 30, 45, 1220, 4, 1, 4, 0, 103, 1, 122, 50, 143, 151, 2, 172, 2, 1, 2
1, 29, 31, 43, 6215, 3, 1, 2, 0, 103, 1, 121, 70, 141, 152, 1, 172, 1, 2, 1
3, 24, 32, 45, 12066, 0, 1, 1, 0, 101, 1, 122, 24, 143, 153, 4, 172, 2, 2, 1
1, 40, 34, 48, 2482, 1, 5, 4, 0, 103, 2, 121, 36, 142, 153, 4, 173, 1, 2, 1
2, 47, 34, 46, 6189, 3, 4, 1, 0, 101, 1, 123, 51, 142, 151, 1, 173, 1, 2, 2
1, 40, 32, 49, 3676, 3, 1, 2, 0, 103, 1, 124, 65, 141, 152, 4, 174, 2, 1, 2
3, 4, 33, 40, 8653, 2, 3, 1, 0, 102, 4, 124, 69, 143, 152, 4, 171, 1, 1, 2
3, 65, 32, 43, 12990, 4, 3, 4, 0, 103, 3, 121, 48, 143, 153, 4, 171, 2, 1, 2
1, 48, 30, 49, 6023, 4, 5, 2, 0, 101, 3, 121, 60, 141, 153, 2, 172, 2, 2, 1
0, 58, 32, 43, 13555, 4, 1, 4, 0, 102, 3, 121, 39, 143, 153, 4, 172, 1, 2, 2
2, 30, 33, 40, 10749, 3, 1, 3, 0, 103, 1, 123, 58, 142, 151, 2, 174, 2, 1, 1
3, 14, 34, 44, 5420, 2, 5, 2, 0, 101, 3, 123, 23, 141, 153, 1, 171, 1, 2, 2
1, 31, 32, 41, 10010, 4, 2, 4, 0, 103, 2, 124, 64, 141, 151, 2, 174, 2, 1, 2
1, 6, 33, 42, 2812, 0, 4, 1, 0, 102, 1, 121, 73, 141, 152, 2, 172, 2, 2, 1
1, 8, 31, 42, 15649, 3, 3, 2, 0, 102, 3, 121, 51, 141, 152, 2, 173, 2, 1, 2
1, 51, 34, 46, 11148, 1, 1, 1, 0, 102, 2, 121, 72, 143, 151, 2, 173, 1, 1, 2
1, 43, 30, 49, 8452, 1, 4, 4, 0, 101, 1, 122, 23, 142, 153, 4, 173, 2, 2, 1
2, 33, 30, 40, 5671, 3, 5, 3, 0, 102, 2, 123, 73, 143, 152, 2, 172, 1, 1, 1
0, 60, 34, 40, 5874, 4, 1, 3, 0, 102, 3, 123, 40, 141, 152, 3, 173, 2, 2, 1
1, 14, 32, 43, 11814, 1, 5, 2, 0, 103, 1, 123, 42, 141, 151, 2, 174, 1, 1, 2
1, 61, 32, 48, 15571, 2, 1, 3, 0, 102, 3, 121, 29, 142, 151, 2, 174, 2, 1, 1
2, 43, 30, 42, 11062, 0, 1, 3, 0, 102, 1, 124, 45, 142, 151, 3, 172, 2, 2, 2
0, 4, 30, 43, 15088, 4, 1, 2, 0, 102, 1, 121, 75, 143, 153, 2, 172, 1, 2, 1
2, 31, 33, 46, 2199, 1, 4, 1, 0, 101, 2, 121, 27, 141, 152, 1, 172, 2, 1, 1
2, 31, 30, 43, 12244, 2, 5, 1, 0, 101, 3, 122, 26, 142, 152, 2, 173, 2, 2, 2
0, 59, 31, 45, 8955, 2, 2, 1, 0, 103, 4, 124, 29, 142, 151, 2, 173, 2, 1, 2
2, 59, 30, 46, 11225, 0, 2, 2, 0, 102, 1, 124, 37, 141, 152, 1, 173, 1, 1, 2
0, 38, 33, 48, 15321, 1, 2, 4, 0, 103, 1, 124, 62, 142, 151, 1, 174, 2, 2, 2
2, 29, 32, 410, 2417, 3, 4, 2, 0, 102, 4, 124, 51, 142, 151, 4, 172, 2, 1, 1
0, 25, 30, 49, 15307, 4, 2, 4, 0, 101, 3, 121, 51, 141, 151, 3, 174, 2, 1, 1
3, 35, 31, 43, 15481, 2, 5, 1, 0, 103, 2, 122, 30, 143, 152, 4, 171, 1, 2, 1
2, 51, 31, 41, 324, 3, 2, 2, 0, 102, 2, 121, 75, 142, 151, 3, 174, 2, 1, 2
1, 50, 32, 42, 8120, 0, 5, 4, 0, 101, 3, 122, 62, 141, 151, 3, 174, 1, 2, 1
1, 46, 31, 410, 10051, 0, 3, 2, 0, 102, 1, 123, 39, 141, 152, 1, 171, 1, 1, 1
3, 8, 32, 42, 2407, 3, 3, 3, 0, 101, 4, 122, 60, 143, 151, 3, 172, 1, 2, 2
2, 38, 34, 48, 3865, 2, 5, 2, 0, 101, 4, 124, 20, 142, 153, 4, 174, 1, 2, 1
1, 62, 33, 40, 13258, 4, 1, 4, 0, 102, 4, 121, 73, 142, 153, 4, 174, 1, 1, 1
3, 23, 32, 40, 15087, 0, 3, 1, 0, 103, 3, 121, 65, 141, 153, 3, 173, 2, 2, 2
1, 70, 31, 42, 11007, 4, 3, 3, 0, 102, 1, 121, 51, 142, 153, 2, 172, 1, 2, 2
0, 12, 33, 43, 3228, 1, 5, 1, 0, 101, 4, 123, 45, 141, 152, 3, 171, 2, 2, 1
3, 44, 30, 40, 6348, 0, 5, 1, 0, 103, 4, 122, 37, 142, 153, 1, 172, 1, 2, 1
2, 38, 33, 40, 14899, 1, 4, 3, 0, 101, 4, 122, 74, 143, 153, 2, 173, 1, 2, 1
2, 12, 33, 46, 2184, 2, 2, 3, 0, 101, 4, 123, 73, 143, 151, 3, 174, 1, 1, 1
0, 31, 34, 42, 8170, 3, 5, 3, 0, 102, 1, 122, 42, 141, 153, 4, 172, 2, 1, 2
3, 45, 32, 41, 11465, 3, 3, 3, 0, 103, 1, 122, 45, 141, 151, 4, 174, 2, 2, 1
0, 9, 31, 49, 10928, 2, 1, 2, 0, 102, 1, 123, 61, 143, 151, 3, 174, 1, 2, 2
3, 8, 33, 43, 11449, 2, 4, 1, 0, 103, 1, 123, 29, 141, 151, 1, 172, 2, 2, 2
0, 4, 32, 410, 17107, 0, 5, 1, 0, 101, 2, 123, 43, 143, 152, 2, 171, 2, 2, 1
1, 49, 30, 48, 8552, 2, 4, 2, 0, 103, 2, 122, 70, 143, 153, 2, 174, 2, 1, 2
2, 26, 30, 45, 10535, 1, 3, 2, 0, 102, 1, 123, 30, 142, 151, 4, 174, 1, 1, 1
2, 51, 32, 41, 14339, 4, 1, 2, 0, 101, 4, 124, 71, 141, 152, 2, 171, 2, 1, 2
2, 65, 32, 40, 6921, 4, 3, 4, 0, 102, 2, 121, 73, 141, 152, 3, 171, 2, 2, 2
2, 63, 32, 44, 1748, 2, 3, 1, 0, 103, 1, 121, 63, 142, 151, 2, 173, 2, 1, 1
1, 22, 30, 43, 6040, 1, 5, 2, 0, 101, 2, 122, 62, 143, 153, 1, 174, 1, 1, 1
0, 43, 32, 45, 7759, 0, 5, 4, 0, 101, 2, 124, 61, 143, 153, 2, 171, 2, 1, 2
3, 63, 34, 45, 6076, 0, 5, 4, 0, 102, 2, 121, 46, 142, 152, 1, 173, 1, 2, 1
0, 52, 31, 49, 12010, 0, 1, 2, 0, 103, 4, 122, 29, 141, 153, 3, 173, 2, 1, 1
3, 27, 30, 42, 9901, 1, 2, 1, 0, 103, 3, 121, 63, 143, 152, 2, 174, 2, 1, 1
2, 53, 32, 44, 13397, 1, 5, 3, 0, 102, 1, 122, 46, 141, 153, 4, 174, 2, 2, 1
3, 51, 32, 42, 17189, 2, 4, 3, 0, 103, 3, 121, 25, 141, 151, 3, 172, 2, 2, 1
3, 20, 33, 48, 12739, 0, 2, 2, 0, 101, 4, 124, 59, 141, 153, 1, 172, 1, 2, 1
0, 19, 33, 44, 15930, 4, 4, 1, 0, 102, 3, 123, 75, 141, 152, 1, 171, 2, 2, 2
0, 4, 34, 46, 2366, 1, 4, 1, 0, 102, 2, 123, 69, 141, 151, 4, 171, 2, 1, 1
3, 38, 30, 41, 2645, 1, 3, 3, 0, 103, 4, 123, 49, 142, 151, 3, 172, 1, 1, 2
2, 39, 34, 410, 9074, 1, 5, 4, 0, 101, 1, 121, 66, 141, 153, 4, 171, 1, 1, 2
2, 11, 34, 410, 5885, 3, 4, 2, 0, 101, 4, 123, 57, 141, 151, 3, 173, 1, 1, 1
3, 38, 31, 42, 14333, 3, 3, 2, 0, 102, 1, 124, 34, 142, 152, 1, 171, 1, 1, 2
0, 59, 30, 49, 15453, 3, 2, 1, 0, 103, 2, 122, 75, 141, 152, 1, 173, 1, 2, 1
2, 22, 32, 42, 5897, 0, 4, 2, 0, 102, 3, 123, 26, 142, 151, 1, 171, 2, 2, 2
2, 44, 34, 41, 2738, 4, 3, 3, 0, 102, 3, 122, 72, 143, 151, 1, 172, 2, 2, 2
0, 7, 30, 49, 4727, 0, 2, 3, 0, 101, 2, 124, 55, 142, 151, 4, 171, 2, 2, 2
2, 34, 33, 42, 4887, 3, 2, 2, 0, 101, 3, 123, 33, 141, 151, 1, 172, 2, 2, 2
3, 40, 34, 45, 2235, 2, 3, 1, 0, 102, 2, 124, 25, 142, 152, 2, 172, 2, 2, 1
1, 26, 34, 42, 370, 3, 4, 3, 0, 102, 3, 122, 54, 142, 151, 4, 173, 1, 2, 2
2, 47, 34, 45, 15339, 0, 5, 4, 0, 102, 1, 122, 31, 143, 153, 2, 174, 1, 1, 2
3, 15, 31, 41, 9163, 1, 5, 2, 0, 101, 4, 123, 63, 141, 152, 3, 172, 2, 1, 2
2, 28, 30, 410, 5545, 2, 4, 3, 0, 101, 3, 123, 45, 141, 151, 3, 174, 2, 1, 2
2, 24, 30, 41, 4008, 4, 2, 4, 0, 102, 2, 121, 30, 143, 152, 3, 171, 2, 1, 2
0, 44, 34, 48, 7953, 2, 5, 3, 0, 101, 4, 122, 75, 141, 152, 1, 172, 2, 2, 1
2, 55, 34, 410, 14437, 3, 1, 1, 0, 101, 2, 123, 66, 143, 152, 3, 172, 1, 1, 2
0, 24, 30, 42, 12622, 2, 3, 1, 0, 103, 3, 124, 60, 143, 151, 1, 171, 2, 2, 2
1, 21, 30, 41, 11957, 2, 3, 3, 0, 101, 3, 123, 73, 143, 152, 3, 171, 1, 2, 2
2, 35, 32, 46, 1351, 3, 3, 4, 0, 102, 3, 121, 23, 142, 153, 1, 173, 1, 2, 2
0, 48, 33, 41, 2481, 4, 2, 3, 0, 101, 3, 123, 71, 142, 152, 4, 172, 2, 1, 2
0, 10, 30, 45, 1451, 1, 1, 4, 0, 103, 1, 123, 62, 142, 152, 1, 171, 1, 2, 1
2, 59, 30, 46, 17179, 3, 3, 3, 0, 103, 1, 123, 67, 142, 151, 2, 172, 2, 1, 2
0, 36, 30, 49, 13813, 0, 1, 3, 0, 102, 1, 122, 64, 142, 153, 3, 171, 2, 2, 1
1, 46, 33, 42, 4327, 4, 3, 1, 0, 101, 2, 121, 36, 141, 153, 1, 171, 1, 2, 1
3, 22, 30, 43, 1544, 4, 4, 1, 0, 102, 3, 124, 32, 141, 151, 1, 172, 2, 1, 1
3, 67, 30, 46, 10630, 1, 5, 3, 0, 103, 4, 123, 54, 143, 152, 4, 172, 1, 2, 2
2, 16, 31, 45, 10273, 3, 2, 2, 0, 103, 1, 122, 37, 141, 151, 4, 171, 1, 2, 1
3, 4, 31, 44, 16804, 2, 3, 4, 0, 101, 4, 122, 55, 142, 151, 2, 174, 2, 2, 2
3, 72, 30, 40, 3079, 3, 2, 3, 0, 103, 4, 122, 30, 141, 152, 3, 171, 1, 1, 1
0, 57, 30, 410, 3341, 3, 2, 2, 0, 102, 1, 124, 29, 143, 152, 3, 172, 1, 2, 2
3, 30, 33, 48, 1797, 3, 1, 1, 0, 102, 2, 121, 65, 142, 151, 4, 171, 2, 1, 2
2, 15, 34, 42, 15998, 1, 5, 1, 0, 102, 4, 124, 42, 141, 152, 2, 172, 1, 2, 2
3, 66, 32, 46, 12438, 0, 3, 2, 0, 101, 2, 122, 39, 142, 152, 3, 174, 2, 2, 1
3, 25, 30, 48, 13897, 1, 3, 3, 0, 101, 1, 121, 63, 143, 152, 2, 173, 1, 2, 1
2, 17, 30, 46, 16554, 3, 5, 2, 0, 102, 3, 123, 65, 143, 151, 3, 172, 1, 2, 2
3, 51, 34, 42, 17873, 1, 2, 2, 0, 101, 2, 123, 52, 141, 152, 1, 172, 2, 1, 1
1, 55, 32, 410, 10396, 1, 4, 2, 0, 103, 4, 122, 38, 141, 151, 1, 173, 2, 1, 1
3, 16, 32, 49, 4136, 3, 2, 3, 0, 101, 3, 123, 72, 143, 151, 2, 174, 1, 1, 2
1, 48, 33, 46, 4166, 1, 4, 1, 0, 102, 1, 124, 34, 141, 151, 1, 171, 2, 2, 1
1, 63, 30, 40, 10861, 4, 1, 2, 0, 103, 2, 124, 38, 143, 153, 4, 172, 1, 1, 2
3, 16, 32, 41, 15658, 3, 1, 2, 0, 101, 3, 124, 39, 143, 151, 1, 171, 1, 1, 1
1, 62, 30, 46, 12976, 2, 3, 3, 0, 103, 4, 124, 57, 142, 153, 2, 172, 2, 1, 2
0, 55, 33, 410, 1408, 4, 1, 3, 0, 102, 1, 122, 40, 141, 152, 2, 174, 1, 2, 1
1, 17, 34, 43, 4763, 0, 3, 1, 0, 101, 2, 121, 46, 143, 152, 2, 172, 1, 1, 2
0, 42, 31, 43, 10293, 3, 5, 3, 0, 103, 4, 123, 65, 141, 151, 1, 171, 1, 1, 1
2, 22, 30, 44, 15392, 1, 5, 3, 0, 103, 2, 122, 48, 143, 152, 4, 173, 2, 1, 1
1, 13, 32, 49, 17607, 2, 1, 2, 0, 102, 2, 123, 28, 142, 151, 2, 172, 1, 2, 1
3, 41, 32, 45, 10824, 0, 4, 3, 0, 102, 3, 123, 69, 141, 153, 2, 172, 2, 1, 1
3, 48, 34, 410, 15274, 0, 2, 4, 0, 103, 1, 124, 48, 143, 151, 1, 172, 1, 2, 1
3, 20, 30, 45, 18150, 3, 1, 3, 0, 102, 4, 121, 28, 141, 153, 1, 171, 1, 1, 1
1, 33, 31, 44, 14628, 3, 3, 4, 0, 103, 4, 123, 30, 143, 152, 3, 172, 1, 1, 1
3, 44, 32, 42, 9881, 2, 3, 2, 0, 103, 4, 121, 68, 143, 152, 3, 173, 1, 2, 1
1, 36, 33, 410, 6202, 1, 4, 2, 0, 101, 4, 123, 47, 142, 153, 4, 172, 1, 2, 2
0, 29, 32, 43, 7732, 3, 1, 1, 0, 102, 1, 123, 28, 142, 152, 2, 172, 1, 1, 2
1, 48, 33, 49, 7274, 0, 5, 4, 0, 101, 1, 124, 59, 141, 153, 3, 174, 1, 2, 2
3, 4, 34, 41, 6141, 1, 3, 4, 0, 103, 4, 124, 19, 143, 153, 3, 172, 2, 1, 2
3, 12, 30, 410, 5018, 3, 2, 1, 0, 101, 4, 122, 26, 141, 151, 1, 174, 1, 1, 1
0, 51, 31, 44, 3275, 4, 5, 1, 0, 102, 4, 122, 46, 143, 153, 3, 173, 1, 1, 1
0, 59, 30, 45, 2049, 3, 2, 1, 0, 101, 2, 123, 38, 141, 152, 1, 173, 2, 1, 1
2, 30, 34, 41, 13715, 2, 4, 1, 0, 103, 4, 121, 53, 142, 151, 3, 171, 2, 1, 2
0, 50, 31, 42, 9213, 2, 2, 1, 0, 103, 1, 124, 47, 142, 153, 1, 171, 1, 1, 1
2, 4, 33, 41, 319, 2, 4, 4, 0, 101, 3, 122, 72, 142, 152, 4, 173, 1, 1, 1
0, 24, 32, 48, 7446, 1, 5, 2, 0, 102, 3, 124, 20, 142, 153, 4, 174, 1, 2, 1
0, 55, 31, 49, 7485, 3, 1, 3, 0, 102, 1, 122, 22, 143, 151, 1, 171, 1, 2, 1
0, 67, 33, 43, 8723, 1, 2, 1, 0, 103, 3, 123, 69, 141, 153, 3, 174, 1, 1, 2
1, 53, 31, 42, 15270, 0, 3, 4, 0, 101, 3, 121, 66, 143, 152, 4, 171, 2, 1, 2
1, 45, 34, 44, 9204, 3, 1, 2, 0, 102, 2, 123, 64, 143, 153, 3, 173, 1, 2, 2
0, 37, 34, 43, 4718, 0, 5, 3, 0, 101, 1, 124, 25, 143, 151, 3, 172, 1, 1, 2
2, 71, 34, 44, 11118, 4, 5, 2, 0, 101, 4, 121, 67, 141, 152, 1, 172, 1, 1, 2
0, 55, 30, 44, 1043, 4, 2, 3, 0, 103, 1, 124, 60, 143, 152, 2, 174, 1, 2, 1
1, 14, 31, 43, 8276, 3, 3, 3, 0, 103, 2, 123, 73, 141, 151, 1, 171, 1, 2, 1
1, 55, 34, 40, 5559, 4, 5, 4, 0, 101, 2, 123, 53, 143, 153, 1, 171, 1, 2, 2
3, 47, 30, 49, 3524, 1, 5, 3, 0, 103, 3, 124, 24, 141, 153, 3, 172, 2, 1, 2
2, 18, 32, 44, 11989, 2, 1, 2, 0, 102, 3, 124, 34, 143, 151, 1, 171, 2, 2, 2
1, 54, 33, 45, 11969, 4, 3, 2, 0, 103, 4, 123, 35, 142, 153, 4, 173, 1, 1, 1
1, 57, 33, 46, 10449, 0, 5, 2, 0, 101, 2, 123, 45, 141, 153, 4, 171, 2, 1, 1
2, 63, 34, 40, 18107, 0, 3, 3, 0, 103, 4, 121, 19, 143, 151, 2, 172, 1, 2, 2
2, 54, 34, 41, 3710, 4, 2, 2, 0, 102, 3, 122, 68, 143, 152, 1, 174, 2, 1, 2
0, 28, 31, 42, 7378, 3, 4, 4, 0, 101, 3, 124, 44, 141, 151, 1, 174, 1, 2, 2
3, 10, 32, 49, 17366, 2, 1, 1, 0, 102, 4, 124, 63, 141, 151, 3, 173, 2, 1, 1
1, 6, 30, 48, 17082, 0, 2, 2, 0, 101, 2, 123, 61, 142, 152, 1, 173, 2, 2, 2
1, 48, 34, 48, 9458, 0, 2, 4, 0, 103, 4, 124, 61, 143, 152, 3, 173, 2, 1, 1
3, 26, 31, 43, 12911, 4, 1, 4, 0, 102, 2, 121, 63, 142, 151, 1, 171, 2, 2, 2
0, 17, 34, 410, 8721, 0, 5, 4, 0, 102, 3, 124, 45, 142, 152, 4, 171, 1, 1, 2
3, 5, 30, 43, 10190, 4, 4, 1, 0, 102, 1, 121, 54, 142, 152, 3, 172, 1, 1, 1
3, 40, 34, 45, 8244, 2, 4, 3, 0, 101, 2, 124, 40, 141, 152, 3, 172, 2, 1, 1
3, 68, 33, 41, 2811, 1, 2, 2, 0, 102, 1, 123, 56, 142, 152, 2, 171, 2, 2, 1
2, 61, 34, 41, 4755, 4, 1, 3, 0, 102, 3, 121, 51, 143, 152, 4, 171, 2, 1, 2
1, 64, 30, 42, 14505, 1, 2, 3, 0, 101, 3, 122, 24, 141, 153, 1, 173, 1, 2, 1
0, 42, 31, 46, 9659, 1, 2, 4, 0, 103, 4, 122, 49, 141, 151, 4, 172, 1, 1, 1
0, 53, 31, 410, 10074, 1, 2, 3, 0, 101, 3, 122, 28, 143, 152, 2, 171, 2, 1, 1
1, 68, 31, 41, 10625, 2, 1, 4, 0, 101, 3, 123, 53, 141, 151, 4, 174, 2, 2, 2
1, 20, 34, 41, 5550, 3, 2, 2, 0, 103, 4, 123, 58, 141, 151, 1, 171, 2, 2, 1
0, 71, 30, 44, 1316, 2, 5, 3, 0, 101, 4, 124, 24, 143, 152, 4, 173, 2, 2, 1
0, 11, 33, 46, 1528, 1, 5, 2, 0, 102, 4, 122, 67, 142, 152, 3, 172, 2, 1, 2
1, 23, 33, 46, 9566, 3, 5, 2, 0, 103, 1, 123, 27, 141, 151, 4, 171, 1, 1, 2
3, 67, 34, 42, 13122, 4, 4, 3, 0, 103, 4, 123, 49, 143, 153, 1, 174, 2, 2, 1
0, 16, 34, 49, 8394, 3, 4, 3, 0, 103, 4, 121, 69, 143, 151, 3, 171, 1, 1, 2
0, 33, 33, 41, 7933, 2, 2, 2, 0, 103, 3, 123, 66, 142, 153, 4, 173, 1, 2, 1
1, 68, 34, 48, 12192, 3, 4, 1, 0, 101, 4, 122, 57, 142, 151, 4, 173, 1, 1, 2
2, 69, 30, 48, 16887, 0, 1, 2, 0, 102, 1, 121, 53, 143, 151, 1, 174, 1, 2, 2
0, 56, 34, 41, 17501, 4, 2, 4, 0, 103, 4, 122, 28, 143, 153, 3, 172, 1, 1, 1
0, 15, 31, 48, 2229, 2, 5, 1, 0, 103, 4, 124, 35, 142, 152, 3, 172, 2, 1, 1
0, 37, 30, 41, 12380, 4, 2, 2, 0, 103, 3, 121, 74, 142, 152, 1, 171, 2, 2, 2
0, 52, 33, 45, 8854, 1, 3, 4, 0, 102, 4, 121, 75, 141, 152, 1, 171, 2, 2, 1
2, 34, 30, 410, 17476, 0, 2, 3, 0, 101, 3, 124, 66, 141, 151, 3, 174, 1, 2, 2
0, 12, 32, 45, 8028, 0, 5, 3, 0, 101, 4, 123, 37, 143, 151, 1, 172, 1, 1, 1
0, 34, 33, 48, 883, 4, 1, 3, 0, 101, 3, 121, 72, 141, 152, 4, 172, 1, 1, 2
3, 71, 30, 43, 11242, 4, 3, 2, 0, 102, 1, 121, 31, 143, 153, 2, 173, 1, 1, 2
2, 11, 33, 43, 18346, 0, 4, 1, 0, 101, 4, 124, 53, 141, 152, 4, 174, 1, 1, 2
1, 21, 33, 46, 2413, 3, 1, 4, 0, 101, 2, 123, 38, 143, 153, 3, 174, 2, 1, 1
3, 68, 32, 46, 7569, 2, 1, 2, 0, 103, 3, 121, 21, 141, 151, 4, 173, 2, 2, 1
2, 68, 32, 48, 8593, 4, 2, 1, 0, 103, 4, 121, 32, 141, 151, 1, 171, 2, 2, 2
0, 41, 34, 40, 14180, 0, 4, 2, 0, 101, 2, 123, 56, 141, 151, 3, 174, 2, 2, 1
3, 48, 30, 43, 1728, 1, 2, 4, 0, 103, 3, 124, 53, 142, 153, 3, 174, 1, 1, 2
0, 37, 33, 48, 6977, 2, 3, 1, 0, 102, 1, 121, 38, 141, 153, 3, 173, 1, 1, 1
0, 14, 33, 43, 1917, 3, 1, 3, 0, 103, 3, 122, 43, 141, 153, 1, 171, 2, 2, 2
0, 44, 32, 46, 16409, 0, 1, 2, 0, 102, 2, 124, 26, 141, 153, 2, 171, 1, 2, 2
3, 57, 30, 48, 10783, 0, 3, 2, 0, 101, 4, 123, 46, 141, 151, 3, 174, 1, 1, 1
0, 36, 34, 410, 5252, 0, 1, 1, 0, 102, 1, 121, 70, 141, 151, 3, 174, 2, 2, 1
3, 24, 30, 42, 14566, 4, 4, 1, 0, 102, 3, 121, 32, 143, 152, 4, 171, 2, 1, 2
3, 19, 30, 46, 17262, 4, 4, 2, 0, 102, 3, 122, 62, 141, 152, 1, 172, 1, 1, 2
0, 10, 30, 48, 1456, 1, 1, 3, 0, 102, 3, 124, 32, 143, 153, 4, 174, 2, 1, 1
0, 12, 31, 49, 15812, 1, 5, 1, 0, 102, 2, 121, 60, 143, 153, 3, 171, 2, 2, 1
1, 41, 34, 44, 13879, 2, 4, 4, 0, 101, 4, 122, 35, 143, 152, 3, 173, 1, 1, 2
2, 11, 34, 44, 10681, 1, 5, 3, 0, 102, 3, 122, 75, 143, 153, 2, 173, 2, 2, 2
3, 42, 31, 46, 14212, 3, 1, 3, 0, 102, 4, 121, 41, 143, 152, 4, 171, 1, 2, 1
2, 18, 30, 42, 3095, 0, 5, 2, 0, 102, 2, 122, 68, 141, 153, 3, 173, 1, 2, 1
2, 56, 32, 45, 11245, 2, 1, 2, 0, 101, 2, 123, 35, 142, 151, 1, 173, 2, 2, 1
2, 38, 30, 42, 3127, 4, 1, 3, 0, 102, 4, 122, 26, 141, 153, 1, 173, 1, 1, 2
3, 41, 34, 43, 4687, 2, 3, 4, 0, 101, 4, 122, 20, 143, 151, 3, 172, 2, 2, 1
1, 30, 30, 44, 10821, 1, 3, 2, 0, 101, 4, 121, 37, 143, 151, 1, 174, 1, 1, 1
1, 31, 31, 40, 2649, 2, 1, 4, 0, 103, 4, 121, 21, 143, 152, 3, 171, 1, 2, 2
3, 14, 31, 45, 11757, 2, 3, 3, 0, 103, 2, 123, 58, 141, 151, 2, 171, 2, 2, 1
1, 56, 31, 43, 11383, 4, 3, 1, 0, 102, 4, 123, 26, 143, 152, 2, 171, 2, 2, 2
2, 53, 33, 40, 2658, 3, 4, 2, 0, 101, 2, 121, 22, 143, 153, 4, 174, 1, 2, 2
0, 10, 32, 45, 13948, 3, 4, 4, 0, 102, 1, 123, 19, 142, 151, 3, 173, 2, 2, 2
2, 9, 31, 40, 8748, 2, 1, 4, 0, 101, 1, 124, 53, 143, 151, 2, 174, 2, 2, 2
2, 8, 32, 42, 8390, 1, 2, 2, 0, 103, 4, 124, 58, 143, 153, 2, 171, 1, 2, 2
2, 5, 34, 41, 14666, 1, 3, 2, 0, 102, 3, 121, 44, 141, 151, 1, 174, 1, 1, 2
0, 38, 30, 42, 10358, 0, 3, 1, 0, 103, 3, 124, 45, 142, 151, 2, 172, 1, 1, 2
2, 55, 32, 45, 17693, 4, 1, 3, 0, 103, 4, 124, 53, 143, 152, 1, 171, 2, 2, 2
2, 64, 32, 46, 8454, 0, 5, 4, 0, 102, 4, 122, 31, 142, 152, 4, 173, 2, 2, 1
2, 70, 30, 43, 15952, 4, 4, 3, 0, 101, 1, 122, 60, 142, 153, 3, 174, 2, 2, 1
2, 66, 34, 49, 5617, 3, 4, 1, 0, 102, 3, 122, 28, 142, 152, 2, 172, 2, 1, 2
0, 23, 30, 46, 9293, 1, 5, 1, 0, 102, 1, 123, 29, 142, 152, 1, 171, 1, 2, 2
1, 33, 34, 46, 17068, 1, 2, 4, 0, 103, 4, 122, 64, 141, 151, 3, 173, 2, 1, 2
1, 45, 32, 48, 12159, 3, 1, 2, 0, 102, 4, 124, 41, 143, 151, 1, 173, 1, 2, 2
1, 54, 32, 42, 3428, 4, 4, 2, 0, 102, 3, 121, 59, 141, 153, 3, 173, 1, 1, 2
0, 36, 34, 49, 14893, 2, 4, 2, 0, 103, 4, 122, 64, 142, 151, 4, 173, 1, 1, 1
3, 6, 31, 44, 15715, 2, 1, 3, 0, 101, 1, 123, 66, 143, 151, 4, 173, 2, 1, 1
1, 35, 34, 410, 10787, 0, 3, 2, 0, 101, 1, 122, 28, 142, 153, 1, 173, 1, 1, 1
3, 23, 32, 46, 17569, 1, 5, 3, 0, 103, 2, 122, 34, 143, 153, 3, 172, 1, 2, 1
0, 43, 33, 43, 6045, 4, 2, 4, 0, 102, 2, 121, 35, 142, 153, 1, 172, 1, 2, 2
1, 32, 33, 44, 13999, 0, 1, 2, 0, 103, 2, 123, 54, 141, 152, 4, 171, 2, 2, 1
0, 44, 32, 45, 8167, 4, 3, 4, 0, 103, 2, 123, 72, 142, 153, 2, 172, 2, 2, 2
3, 15, 34, 44, 4858, 3, 5, 3, 0, 102, 4, 123, 22, 143, 153, 1, 172, 1, 1, 1
1, 46, 33, 45, 12709, 0, 2, 4, 0, 103, 1, 121, 23, 141, 151, 4, 173, 2, 2, 1
1, 9, 31, 40, 2436, 1, 1, 1, 0, 102, 2, 123, 22, 143, 153, 1, 174, 2, 2, 2
1, 34, 34, 44, 1540, 0, 3, 3, 0, 103, 3, 124, 29, 141, 152, 2, 171, 1, 1, 1
2, 62, 33, 43, 2273, 1, 2, 1, 0, 103, 4, 122, 33, 142, 153, 2, 174, 1, 1, 2
2, 46, 32, 48, 17510, 2, 1, 1, 0, 101, 3, 122, 73, 143, 153, 4, 172, 2, 1, 2
1, 43, 34, 43, 3328, 4, 1, 2, 0, 103, 1, 121, 54, 142, 153, 4, 173, 2, 2, 1
1, 17, 34, 41, 5855, 4, 4, 2, 0, 103, 3, 122, 62, 141, 151, 4, 172, 1, 1, 2
3, 15, 34, 44, 15141, 2, 1, 4, 0, 102, 3, 123, 67, 143, 153, 4, 174, 2, 2, 2
1, 36, 32, 410, 1251, 0, 1, 4, 0, 102, 4, 122, 53, 142, 153, 2, 174, 2, 1, 2
0, 11, 34, 45, 1890, 0, 3, 3, 0, 102, 3, 121, 31, 141, 152, 3, 174, 1, 2, 1
2, 69, 31, 45, 9590, 0, 2, 1, 0, 101, 2, 121, 72, 143, 153, 4, 171, 2, 2, 2
3, 16, 34, 43, 13940, 3, 5, 4, 0, 101, 1, 122, 22, 143, 153, 3, 172, 2, 1, 1
